Rk,Player,Pos,Age,Tm,G,MP,PER,TS%,3PAr,FTr,ORB%,DRB%,TRB%,AST%,STL%,BLK%,TOV%,USG%,Unnamed: 19,OWS,DWS,WS,WS/48,Unnamed: 24,OBPM,DBPM,BPM,VORP
1,Steven Adams,C,31,HOU,5,68,9.1,.585,.000,.727,13.4,14.1,13.7,15.7,1.4,0.0,38.3,14.2,,-0.1,0.1,0.0,.026,,-3.9,1.0,-2.9,0.0
2,Bam Adebayo,C,27,MIA,10,348,17.2,.471,.164,.364,9.8,18.4,14.1,17.3,2.4,4.0,7.4,21.9,,0.2,0.5,0.7,.096,,-0.6,0.1,-0.5,0.1
3,Ochai Agbaji,SG,24,TOR,12,378,15.5,.687,.436,.164,4.4,13.7,8.9,8.7,2.0,1.7,9.9,14.2,,0.8,0.1,0.9,.114,,1.2,0.1,1.3,0.3
4,Santi Aldama,PF,24,MEM,12,361,15.3,.555,.448,.112,5.9,20.3,13.5,17.0,1.4,1.6,10.8,17.7,,0.5,0.6,1.0,.138,,0.5,0.4,0.9,0.3
5,Trey Alexander,SG,21,DEN,2,6,1.4,.333,.333,.000,0.0,18.2,9.1,0.0,0.0,0.0,0.0,20.9,,0.0,0.0,0.0,-0.135,,-10.2,-5.0,-15.3,0.0
6,Nickeil Alexander-Walker,SG,26,MIN,12,290,13.5,.663,.603,.192,2.9,9.4,6.2,15.6,2.3,1.2,18.5,14.5,,0.4,0.4,0.7,.121,,0.2,1.0,1.2,0.2
7,Grayson Allen,SG,29,PHO,9,187,10.6,.518,.778,.194,3.0,8.1,5.6,7.0,1.8,1.9,9.3,20.4,,-0.1,0.1,0.1,.020,,-1.8,-1.5,-3.3,-0.1
8,Jarrett Allen,C,26,CLE,13,385,20.5,.668,.000,.454,7.8,32.5,20.7,7.4,1.4,3.8,9.8,16.3,,1.0,0.7,1.7,.215,,1.4,0.6,2.1,0.4
9,Jose Alvarado,PG,26,NOP,11,282,14.5,.544,.594,.168,2.3,7.5,4.8,25.9,3.0,1.0,11.4,18.4,,0.4,0.1,0.5,.084,,-0.1,-0.5,-0.7,0.1
10,Kyle Anderson,SF,31,GSW,10,167,16.3,.458,.436,.255,6.2,16.7,11.5,19.6,3.2,3.9,4.7,16.0,,0.2,0.3,0.6,.167,,0.7,2.7,3.4,0.2
11,Giannis Antetokounmpo,PF,30,MIL,11,390,32.6,.633,.038,.498,7.0,29.5,18.4,33.8,0.7,3.7,9.7,35.9,,1.6,0.5,2.1,.255,,7.4,2.2,9.6,1.1
12,Cole Anthony,PG,24,ORL,11,123,11.0,.469,.478,.413,3.4,22.8,12.7,26.8,3.2,0.8,20.5,23.7,,-0.2,0.3,0.1,.030,,-4.9,2.5,-2.4,0.0
13,OG Anunoby,SF,27,NYK,11,400,15.3,.604,.441,.191,2.6,13.4,8.0,9.5,2.0,2.0,8.1,17.7,,0.6,0.3,1.0,.117,,0.7,0.1,0.8,0.3
14,Deni Avdija,SF,24,POR,13,324,11.7,.480,.402,.449,4.7,19.9,12.0,17.2,1.9,3.1,16.9,19.5,,-0.2,0.4,0.2,.027,,-2.7,0.5,-2.2,0.0
15,Deandre Ayton,C,26,POR,11,322,16.2,.543,.099,.061,10.5,29.2,19.4,5.7,1.5,1.6,10.6,19.2,,0.2,0.4,0.6,.085,,-0.9,-1.3,-2.2,0.0
16,Marvin Bagley III,PF,25,WAS,7,43,15.9,.546,.167,.389,17.2,27.6,22.4,7.4,0.0,2.1,19.2,25.1,,0.0,0.0,0.0,-0.008,,-1.2,-4.2,-5.5,0.0
17,Patrick Baldwin Jr.,SF,22,WAS,7,37,13.0,.503,.529,.118,5.7,14.6,10.1,4.2,2.5,2.5,5.3,21.1,,0.0,0.0,0.0,.005,,-0.8,-1.9,-2.7,0.0
18,LaMelo Ball,PG,23,CHO,11,369,22.1,.587,.560,.206,3.2,13.3,8.2,38.2,2.0,0.8,15.1,37.7,,0.6,0.4,1.0,.127,,6.0,-0.1,5.9,0.7
19,Lonzo Ball,PG,27,CHI,3,47,9.3,.500,.857,.000,0.0,17.6,8.8,30.7,0.0,1.8,17.6,15.0,,0.0,0.0,0.0,.041,,-1.5,0.6,-0.9,0.0
20,Paolo Banchero,SF,22,ORL,5,182,24.9,.590,.330,.608,7.0,20.6,13.4,28.9,0.8,2.1,8.2,31.4,,0.5,0.3,0.8,.220,,5.6,0.5,6.1,0.4
Rk,Player,Pos,Age,Tm,G,MP,PER,TS%,3PAr,FTr,ORB%,DRB%,TRB%,AST%,STL%,BLK%,TOV%,USG%,,OWS,DWS,WS,WS/48,,OBPM,DBPM,BPM,VORP
21,Desmond Bane,SG,26,MEM,5,132,19.5,.608,.444,.167,4.3,16.9,10.9,16.1,1.8,2.2,10.4,26.4,,0.2,0.2,0.4,.163,,2.9,0.0,2.9,0.2
22,Dalano Banton,SF,25,POR,11,142,24.3,.586,.329,.438,2.2,12.0,6.8,30.9,4.0,4.3,12.1,28.6,,0.3,0.2,0.5,.170,,6.0,3.5,9.5,0.4
23,Dominick Barlow,SF,21,ATL,2,11,-2.7,.266,.000,2.000,0.0,0.0,0.0,0.0,0.0,0.0,0.0,7.0,,0.0,0.0,0.0,-0.107,,-8.5,-3.7,-12.3,0.0
24,Harrison Barnes,SF,32,SAS,12,345,11.8,.632,.451,.293,6.4,8.5,7.5,7.7,0.4,0.8,10.6,13.0,,0.6,0.2,0.8,.107,,-0.1,-1.8,-1.9,0.0
25,Scottie Barnes,SF,23,TOR,4,134,17.0,.527,.175,.365,8.2,18.0,13.0,27.5,2.9,1.4,18.0,27.2,,0.0,0.1,0.1,.033,,0.6,0.5,1.0,0.1
26,RJ Barrett,SG,24,TOR,9,297,13.7,.502,.333,.269,2.6,17.4,9.9,27.4,1.6,0.3,14.3,30.8,,-0.2,0.1,-0.1,-0.017,,-1.1,-2.1,-3.2,-0.1
27,Charles Bassey,C,24,SAS,6,17,26.6,1.031,.000,.667,0.0,43.2,22.7,9.0,5.8,5.4,34.0,15.0,,0.0,0.1,0.1,.244,,2.8,6.9,9.7,0.1
28,Jamison Battle,SF,23,TOR,11,158,9.5,.532,.706,.157,7.0,13.8,10.3,8.5,0.0,1.2,6.8,15.2,,0.2,0.0,0.1,.043,,-1.3,-2.7,-4.0,-0.1
29,Nicolas Batum,SF,36,LAC,12,209,9.6,.493,.732,.146,4.2,13.4,8.8,14.0,1.4,4.2,12.1,10.2,,0.1,0.3,0.4,.091,,-1.6,2.0,0.4,0.1
30,Bradley Beal,SG,31,PHO,9,313,16.8,.600,.492,.213,2.1,10.4,6.3,16.5,2.0,2.3,8.3,20.6,,0.5,0.3,0.8,.122,,0.8,0.3,1.1,0.2
31,Malik Beasley,SG,28,DET,13,370,10.1,.526,.685,.130,2.8,8.5,5.7,9.3,1.1,0.3,10.5,22.2,,-0.1,0.3,0.2,.026,,-1.3,-1.8,-3.0,-0.1
32,MarJon Beauchamp,SF,24,MIL,8,27,2.2,.476,.429,.286,8.1,15.8,12.0,5.7,1.8,0.0,30.8,36.9,,-0.2,0.0,-0.2,-0.282,,-10.5,-4.2,-14.8,-0.1
33,Reece Beekman,PG,23,GSW,2,4,42.9,1.000,.000,.000,26.1,0.0,13.0,37.7,12.0,0.0,0.0,10.4,,0.0,0.0,0.1,.611,,10.4,15.7,26.1,0.0
34,Goga Bitadze,C,25,ORL,9,170,21.6,.681,.109,.196,16.8,23.4,20.0,15.3,1.1,6.2,15.3,14.8,,0.5,0.4,0.9,.241,,1.1,2.6,3.7,0.2
35,Anthony Black,PG,21,ORL,13,320,10.8,.506,.337,.326,3.6,10.6,7.0,24.8,1.7,3.9,20.4,17.1,,-0.1,0.6,0.5,.075,,-3.3,1.8,-1.6,0.0
36,Bogdan Bogdanović,SG,32,ATL,1,28,6.2,.581,1.000,.333,0.0,8.1,3.9,8.9,0.0,7.3,22.5,13.0,,0.0,0.0,0.0,-0.016,,-3.5,-1.5,-5.0,0.0
37,Bol Bol,PF,25,PHO,1,6,32.7,.753,.000,1.500,18.4,0.0,9.1,0.0,0.0,0.0,0.0,24.5,,0.1,0.0,0.1,.435,,10.0,-3.7,6.3,0.0
38,Adem Bona,PF,21,PHI,8,32,18.8,.854,.000,.167,16.3,27.8,21.5,0.0,0.0,9.4,23.7,11.5,,0.1,0.0,0.1,.166,,-1.7,0.7,-0.9,0.0
39,Devin Booker,SG,28,PHO,12,438,20.6,.572,.443,.349,3.8,7.2,5.5,30.5,1.6,1.0,8.3,26.9,,1.2,0.2,1.5,.159,,3.7,-1.3,2.4,0.5
40,Brandon Boston Jr.,SG,23,NOP,9,246,15.7,.542,.330,.205,4.5,13.4,8.8,21.8,2.6,1.1,11.1,18.6,,0.3,0.1,0.4,.084,,0.0,0.1,0.0,0.1
Rk,Player,Pos,Age,Tm,G,MP,PER,TS%,3PAr,FTr,ORB%,DRB%,TRB%,AST%,STL%,BLK%,TOV%,USG%,,OWS,DWS,WS,WS/48,,OBPM,DBPM,BPM,VORP
41,Chris Boucher,PF,32,TOR,12,227,19.1,.600,.462,.260,6.3,19.8,12.9,6.2,1.3,3.3,5.7,22.2,,0.5,0.1,0.6,.119,,3.5,-1.3,2.2,0.2
42,Malaki Branham,SG,21,SAS,10,160,16.7,.672,.400,.277,0.0,11.8,6.2,12.2,1.5,1.1,16.1,23.6,,0.2,0.2,0.3,.099,,1.8,-0.7,1.1,0.1
43,Christian Braun,SG,23,DEN,10,353,15.2,.672,.324,.352,3.7,13.0,8.3,6.4,1.2,2.3,9.0,15.8,,0.8,0.2,1.0,.131,,0.8,-1.1,-0.3,0.1
44,Jalen Bridges,SF,23,PHO,1,6,-15.4,.174,1.000,1.000,0.0,18.1,9.1,0.0,0.0,0.0,25.8,28.6,,-0.1,0.0,-0.1,-0.547,,-20.3,-10.3,-30.6,0.0
45,Mikal Bridges,SF,28,NYK,11,418,13.1,.555,.460,.073,3.4,8.3,5.9,12.8,1.7,1.7,10.4,18.2,,0.3,0.2,0.6,.066,,-0.4,-0.8,-1.1,0.1
46,Miles Bridges,SF,26,CHO,8,244,12.5,.508,.441,.294,2.2,22.3,12.2,12.9,0.8,1.6,10.1,22.1,,0.0,0.2,0.3,.054,,-1.7,-1.0,-2.7,0.0
47,Dillon Brooks,SG,29,HOU,12,382,9.7,.524,.473,.147,4.2,8.1,6.1,4.4,1.0,0.5,4.8,15.5,,0.4,0.4,0.8,.105,,-2.1,-0.1,-2.2,0.0
48,Jaylen Brown,SF,28,BOS,9,325,18.5,.531,.332,.391,4.9,17.9,11.4,16.6,1.7,0.8,8.5,31.3,,0.3,0.4,0.8,.114,,-0.5,-1.7,-2.2,0.0
49,Kobe Brown,PF,25,LAC,3,16,18.5,.500,.333,.000,13.9,27.9,20.9,19.7,0.0,0.0,0.0,16.1,,0.0,0.0,0.1,.166,,3.4,-0.5,2.9,0.0
50,Jalen Brunson,PG,28,NYK,11,380,19.7,.570,.298,.322,1.5,8.3,4.9,29.2,0.7,0.0,9.3,29.9,,1.0,0.1,1.0,.131,,2.8,-2.6,0.2,0.2
51,Thomas Bryant,C,27,MIA,7,89,15.6,.625,.524,.238,7.2,23.2,15.1,6.4,0.6,5.5,4.1,11.8,,0.2,0.1,0.3,.161,,-0.2,0.0,-0.2,0.0
52,Alec Burks,SG,33,MIA,5,91,15.3,.742,.700,.100,2.4,7.2,4.7,14.1,1.6,1.1,4.6,10.4,,0.3,0.0,0.3,.165,,1.8,1.0,2.9,0.1
53,Jared Butler,SG,24,WAS,8,73,22.0,.533,.161,.548,2.9,7.4,5.1,42.4,3.2,2.5,4.9,23.0,,0.2,0.0,0.2,.157,,3.8,1.6,5.3,0.1
54,Jimmy Butler,SF,35,MIA,8,244,20.0,.563,.144,.622,9.2,7.6,8.4,25.1,2.4,0.8,10.9,22.9,,0.6,0.2,0.8,.153,,1.7,-0.1,1.6,0.2
55,Matas Buzelis,SF,20,CHI,11,93,4.8,.348,.484,.258,5.6,18.9,12.3,4.1,2.5,5.5,16.9,18.5,,-0.3,0.1,-0.2,-0.095,,-8.0,-0.5,-8.5,-0.2
56,Jamal Cain,SF,25,NOP,8,94,11.3,.659,.560,.280,5.8,13.8,9.7,3.2,0.5,2.0,15.1,14.9,,0.1,0.0,0.1,.051,,-2.0,-1.7,-3.7,0.0
57,Kentavious Caldwell-Pope,SG,31,ORL,13,382,7.9,.472,.652,.213,1.7,8.3,4.8,9.8,2.2,2.0,7.6,11.8,,0.0,0.7,0.7,.086,,-4.7,2.1,-2.6,-0.1
58,Toumani Camara,PF,24,POR,13,404,11.0,.581,.453,.179,7.4,10.4,8.8,9.1,2.7,1.0,19.0,12.8,,0.2,0.4,0.5,.064,,-2.5,0.6,-1.9,0.0
59,Vlatko Čančar,PF,27,DEN,1,2,6.1,,,,0.0,54.7,27.3,0.0,0.0,0.0,,0.0,,0.0,0.0,0.0,.066,,-6.3,0.4,-5.8,0.0
60,Clint Capela,C,30,ATL,12,267,20.1,.674,.000,.295,13.3,23.4,18.2,7.4,1.1,3.1,10.8,17.1,,0.7,0.1,0.8,.149,,1.3,-2.0,-0.7,0.1
Rk,Player,Pos,Age,Tm,G,MP,PER,TS%,3PAr,FTr,ORB%,DRB%,TRB%,AST%,STL%,BLK%,TOV%,USG%,,OWS,DWS,WS,WS/48,,OBPM,DBPM,BPM,VORP
61,Carlton Carrington,PG,19,WAS,10,300,11.0,.557,.444,.222,0.4,15.8,8.0,23.6,2.0,1.2,18.4,15.0,,0.1,0.1,0.2,.031,,-3.3,-0.3,-3.6,-0.1
62,Jevon Carter,PG,29,CHI,4,21,9.0,.417,.667,.000,5.0,4.9,5.0,12.3,2.2,0.0,0.0,11.8,,0.0,0.0,0.0,.042,,-2.7,0.2,-2.6,0.0
63,Wendell Carter Jr.,C,25,ORL,6,158,15.7,.544,.421,.474,8.0,30.4,18.7,11.9,2.5,1.2,6.1,13.2,,0.3,0.4,0.6,.191,,-1.0,2.2,1.1,0.1
64,D.J. Carton,SG,24,TOR,4,33,-2.6,.202,.429,.143,0.0,14.0,6.8,10.9,2.9,0.0,35.0,14.2,,-0.2,0.0,-0.2,-0.222,,-10.2,-1.5,-11.6,-0.1
65,Alex Caruso,PG,30,OKC,11,215,9.4,.396,.582,.127,4.4,11.0,7.8,14.2,4.2,3.1,10.8,12.8,,-0.1,0.6,0.4,.096,,-5.0,4.1,-0.9,0.1
66,Stephon Castle,PG,20,SAS,12,283,9.4,.463,.390,.280,2.9,8.5,5.9,18.2,1.7,1.6,11.8,19.5,,-0.1,0.3,0.2,.026,,-4.1,-0.6,-4.7,-0.2
67,Colin Castleton,C,24,MEM,5,14,13.0,.725,1.000,4.000,0.0,36.3,19.1,0.0,0.0,7.0,0.0,8.0,,0.0,0.0,0.1,.232,,-3.3,2.2,-1.1,0.0
68,Julian Champagnie,SF,23,SAS,12,339,11.9,.589,.708,.075,3.8,16.4,10.4,8.5,1.2,1.4,11.3,15.8,,0.2,0.4,0.6,.085,,-0.4,-0.8,-1.2,0.1
69,Justin Champagnie,SF,23,WAS,2,5,6.6,,,,21.1,21.6,21.4,23.9,0.0,0.0,,0.0,,0.0,0.0,0.0,.178,,-10.3,1.9,-8.4,0.0
70,Ulrich Chomche,PF,19,TOR,1,5,16.6,1.000,.000,.000,0.0,23.0,11.3,0.0,0.0,0.0,0.0,8.2,,0.0,0.0,0.0,.130,,2.6,-1.5,1.1,0.0
71,Max Christie,SG,21,LAL,10,131,8.2,.496,.515,.364,4.5,11.2,7.9,9.7,1.8,1.3,13.6,14.5,,0.0,0.1,0.1,.025,,-3.7,-0.3,-4.0,-0.1
72,Sidy Cissoko,SF,20,SAS,6,14,18.1,.833,.333,.000,8.3,22.5,15.8,41.5,0.0,0.0,25.0,12.4,,0.1,0.0,0.1,.252,,2.6,3.0,5.6,0.0
73,Brandon Clarke,PF,28,MEM,11,166,12.9,.546,.176,.216,6.1,15.3,11.0,5.5,2.8,0.6,5.1,14.3,,0.2,0.3,0.5,.132,,-2.4,1.1,-1.3,0.0
74,Jordan Clarkson,SG,32,UTA,8,197,13.8,.514,.505,.293,2.7,14.0,8.4,27.9,1.7,0.5,13.2,27.1,,0.0,0.1,0.0,.012,,-0.3,-1.2,-1.5,0.0
75,Nic Claxton,C,25,BRK,11,273,17.5,.631,.000,.444,9.4,28.2,18.5,15.5,1.1,4.7,12.7,14.0,,0.6,0.3,0.9,.156,,0.3,2.0,2.3,0.3
76,Donovan Clingan,C,20,POR,13,205,17.9,.598,.093,.333,16.0,21.5,18.6,2.2,1.2,13.3,16.2,14.8,,0.3,0.3,0.6,.138,,-3.0,1.6,-1.4,0.0
77,Noah Clowney,PF,20,BRK,10,165,10.7,.484,.621,.182,8.4,17.1,12.6,6.3,1.2,3.6,7.8,20.8,,0.0,0.1,0.1,.032,,-2.6,-1.6,-4.1,-0.1
78,Amir Coffey,SG,27,LAC,12,282,12.0,.654,.468,.234,2.4,7.9,5.1,5.7,1.2,0.0,6.6,13.9,,0.5,0.2,0.7,.123,,-0.4,-0.2,-0.6,0.1
79,Isaiah Collier,PG,20,UTA,3,44,6.5,.400,.500,.333,0.0,16.9,8.5,21.0,1.1,2.1,12.7,14.9,,-0.1,0.0,0.0,-0.048,,-6.9,-1.0,-8.0,-0.1
80,John Collins,PF,27,UTA,10,253,21.5,.614,.252,.220,9.7,22.7,16.2,21.3,2.3,2.9,15.7,27.1,,0.4,0.2,0.6,.114,,1.9,0.6,2.5,0.3
Rk,Player,Pos,Age,Tm,G,MP,PER,TS%,3PAr,FTr,ORB%,DRB%,TRB%,AST%,STL%,BLK%,TOV%,USG%,,OWS,DWS,WS,WS/48,,OBPM,DBPM,BPM,VORP
81,Zach Collins,PF,27,SAS,12,169,16.4,.607,.408,.286,9.7,16.1,13.1,22.8,2.0,1.6,15.3,16.8,,0.4,0.2,0.6,.177,,0.7,1.5,2.3,0.2
82,Mike Conley,PG,37,MIN,11,259,12.0,.468,.688,.188,3.7,10.9,7.4,27.1,2.8,1.0,13.9,16.8,,0.2,0.4,0.5,.097,,-1.7,1.1,-0.7,0.1
83,Pat Connaughton,SG,32,MIL,12,208,7.2,.462,.667,.185,2.6,12.8,7.8,14.1,0.7,0.9,13.4,14.2,,-0.1,0.1,0.0,.005,,-3.7,-1.4,-5.1,-0.2
84,Bilal Coulibaly,SF,20,WAS,10,351,14.4,.657,.317,.347,5.4,11.7,8.5,11.4,1.3,2.1,15.9,16.3,,0.5,0.0,0.5,.068,,-0.1,-1.5,-1.6,0.0
85,Ricky Council IV,SG,23,PHI,8,64,6.0,.416,.474,.316,3.3,9.9,6.3,13.7,0.0,0.0,8.5,16.1,,0.0,0.0,0.0,-0.029,,-4.6,-3.1,-7.7,-0.1
86,Torrey Craig,SF,34,CHI,2,6,-6.8,.000,1.000,.000,0.0,34.4,17.3,0.0,0.0,0.0,0.0,6.9,,0.0,0.0,0.0,-0.127,,-15.7,-0.7,-16.4,0.0
87,Yongxi Cui,SG,21,BRK,2,3,7.3,.568,,,0.0,0.0,0.0,0.0,0.0,0.0,0.0,13.0,,0.0,0.0,0.0,.056,,-2.5,-1.9,-4.4,0.0
88,Cade Cunningham,PG,23,DET,13,478,17.5,.545,.295,.203,2.6,18.8,10.9,39.8,0.8,2.7,18.6,31.4,,0.1,0.5,0.6,.064,,2.1,-0.2,1.9,0.5
89,Seth Curry,SG,34,CHO,10,174,9.1,.548,.583,.104,5.6,7.7,6.6,5.9,1.4,0.6,7.4,13.1,,0.2,0.1,0.3,.073,,-2.4,-0.9,-3.3,-0.1
90,Stephen Curry,PG,36,GSW,8,233,25.6,.647,.556,.248,0.9,16.0,8.5,35.6,2.9,2.0,16.4,31.5,,0.7,0.4,1.1,.227,,7.5,1.7,9.2,0.7
91,Tristan Da Silva,SF,23,ORL,9,225,8.0,.474,.500,.125,4.2,13.5,8.7,11.0,0.4,1.3,6.9,13.8,,0.0,0.3,0.3,.071,,-3.3,0.3,-3.0,-0.1
92,Pacome Dadiet,SG,19,NYK,4,28,1.6,.417,.500,.000,0.0,16.6,8.4,4.3,0.0,0.0,14.3,11.0,,0.0,0.0,0.0,-0.057,,-7.1,-3.0,-10.2,-0.1
93,Dyson Daniels,PG,21,ATL,10,331,14.4,.517,.315,.146,3.2,11.3,7.2,12.6,5.1,2.2,10.9,19.3,,0.0,0.4,0.3,.046,,-2.9,2.3,-0.6,0.1
94,Anthony Davis,C,31,LAL,10,348,29.9,.650,.109,.598,7.1,28.1,17.9,14.1,1.6,5.3,9.0,31.5,,1.3,0.4,1.8,.242,,6.6,0.9,7.5,0.8
95,Johnny Davis,SG,22,WAS,8,63,10.9,.571,.143,.095,6.7,12.0,9.3,4.8,0.7,0.0,4.4,15.0,,0.1,0.0,0.1,.039,,-2.7,-2.9,-5.6,-0.1
96,JD Davison,PG,22,BOS,3,14,-9.9,.307,.500,.500,0.0,8.2,4.1,9.2,3.5,0.0,45.0,27.4,,-0.1,0.0,-0.1,-0.424,,-16.8,-2.9,-19.8,-0.1
97,DeMar DeRozan,SG,35,SAC,12,438,20.7,.610,.129,.366,1.9,10.4,6.4,17.1,2.2,1.8,9.3,24.7,,1.0,0.5,1.5,.166,,2.2,0.2,2.4,0.5
98,Moussa Diabaté,PF,23,CHO,11,172,15.2,.619,.000,.286,16.4,33.0,24.6,5.0,0.9,4.5,20.2,9.7,,0.2,0.3,0.5,.130,,-1.6,0.4,-1.2,0.0
99,Gradey Dick,SG,21,TOR,12,389,15.7,.585,.454,.284,2.0,7.1,4.5,11.0,1.6,1.2,8.0,23.6,,0.7,0.0,0.7,.085,,1.6,-1.6,0.0,0.2
100,Ousmane Dieng,SF,21,OKC,12,148,12.7,.470,.571,.143,5.0,18.8,12.0,9.6,2.6,2.6,1.9,15.2,,0.1,0.4,0.4,.140,,-2.0,1.8,-0.3,0.1
Rk,Player,Pos,Age,Tm,G,MP,PER,TS%,3PAr,FTr,ORB%,DRB%,TRB%,AST%,STL%,BLK%,TOV%,USG%,,OWS,DWS,WS,WS/48,,OBPM,DBPM,BPM,VORP
101,Rob Dillingham,PG,20,MIN,5,28,14.4,.778,.333,.000,0.0,12.1,6.2,40.2,0.0,0.0,35.7,21.6,,0.0,0.0,0.0,.073,,0.5,-2.4,-2.0,0.0
102,Spencer Dinwiddie,PG,31,DAL,10,178,5.9,.474,.683,.244,0.6,5.3,3.0,13.1,0.5,1.0,9.9,12.2,,0.0,0.1,0.1,.023,,-3.5,-1.3,-4.8,-0.1
103,Donte DiVincenzo,SG,28,MIN,12,315,9.8,.482,.766,.126,2.3,12.6,7.6,18.2,2.8,1.1,16.4,19.2,,-0.2,0.4,0.2,.033,,-2.9,0.9,-2.0,0.0
104,Luka Dončić,PG,25,DAL,11,417,20.8,.534,.419,.296,1.3,21.1,11.3,33.0,1.9,0.9,10.9,34.1,,0.5,0.6,1.0,.120,,3.5,0.0,3.5,0.6
105,Luguentz Dort,SG,25,OKC,12,332,14.4,.645,.626,.182,2.9,9.9,6.4,7.2,2.4,2.6,7.0,14.7,,0.6,0.7,1.3,.182,,0.1,1.7,1.8,0.3
106,Ayo Dosunmu,SG,25,CHI,12,340,11.5,.532,.461,.217,2.5,14.0,8.3,20.3,0.4,1.5,10.6,17.2,,0.3,0.2,0.5,.066,,-1.7,-1.1,-2.7,-0.1
107,Jeff Dowtin,PG,27,PHI,6,55,7.7,.385,.375,.125,3.8,6.9,5.2,8.1,2.7,0.0,0.0,13.4,,0.0,0.0,0.0,.006,,-5.4,1.2,-4.3,0.0
108,PJ Dozier,SG,28,MIN,4,15,16.3,.694,1.000,1.000,7.9,15.1,11.6,17.3,3.2,0.0,0.0,8.3,,0.1,0.0,0.1,.249,,1.0,4.3,5.3,0.0
109,Andre Drummond,C,31,PHI,10,254,14.1,.524,.056,.500,14.4,32.5,22.6,3.2,2.7,2.0,18.5,18.5,,-0.1,0.4,0.3,.051,,-3.7,-0.8,-4.5,-0.2
110,Chris Duarte,SG,27,CHI,4,16,28.8,.851,1.000,1.200,0.0,12.9,6.5,18.4,0.0,0.0,0.0,19.8,,0.1,0.0,0.1,.346,,12.1,1.9,14.0,0.1
111,Alex Ducas,SG,24,OKC,4,7,-15.6,.000,.667,.000,0.0,0.0,0.0,0.0,0.0,0.0,0.0,18.2,,-0.1,0.0,-0.1,-0.417,,-17.6,-6.4,-24.0,0.0
112,David Duke Jr.,SG,25,SAS,1,8,3.2,.307,.250,.500,0.0,0.0,0.0,35.4,0.0,0.0,0.0,26.5,,0.0,0.0,0.0,-0.098,,-6.8,-4.7,-11.6,0.0
113,Kris Dunn,PG,30,LAC,12,269,14.1,.654,.524,.127,4.1,15.4,9.7,20.4,2.2,0.7,14.2,12.4,,0.5,0.3,0.9,.156,,-0.5,2.2,1.7,0.2
114,Ryan Dunn,SF,22,PHO,11,196,11.8,.582,.672,.060,2.8,11.6,7.3,6.1,1.3,2.7,4.2,16.2,,0.2,0.1,0.3,.078,,-1.7,-0.8,-2.5,0.0
115,Kevin Durant,SF,36,PHO,9,349,21.3,.670,.348,.342,0.6,17.7,9.2,15.6,1.0,3.3,13.9,27.3,,0.6,0.3,1.0,.131,,3.4,-0.1,3.3,0.5
116,Jalen Duren,C,21,DET,11,277,18.4,.782,.000,.600,14.8,27.7,21.4,17.0,0.5,4.4,27.9,12.2,,0.6,0.4,1.0,.181,,0.1,2.3,2.3,0.3
117,Tari Eason,SF,23,HOU,12,275,22.7,.614,.297,.162,9.2,16.3,12.6,8.7,3.9,4.6,9.2,19.6,,0.6,0.7,1.3,.229,,3.6,4.1,7.7,0.7
118,Zach Edey,C,22,MEM,12,243,19.2,.657,.078,.322,16.7,18.8,17.8,5.3,1.9,4.4,17.6,20.8,,0.4,0.4,0.8,.166,,-0.7,-0.1,-0.8,0.1
119,Anthony Edwards,SG,23,MIN,12,439,19.1,.600,.542,.221,1.4,14.7,8.2,18.0,1.7,1.4,12.6,31.3,,0.5,0.5,1.0,.109,,3.5,-0.9,2.6,0.5
120,Kessler Edwards,SF,24,DAL,3,7,-22.2,.000,1.000,.000,0.0,0.0,0.0,0.0,0.0,0.0,33.3,18.5,,-0.1,0.0,-0.1,-0.489,,-23.0,-7.6,-30.6,-0.1
Rk,Player,Pos,Age,Tm,G,MP,PER,TS%,3PAr,FTr,ORB%,DRB%,TRB%,AST%,STL%,BLK%,TOV%,USG%,,OWS,DWS,WS,WS/48,,OBPM,DBPM,BPM,VORP
121,Keon Ellis,SG,25,SAC,11,236,11.3,.644,.609,.261,4.6,5.1,4.8,4.8,3.1,4.2,16.3,11.3,,0.2,0.3,0.5,.107,,-1.8,1.9,0.1,0.1
122,Joel Embiid,C,30,PHI,1,26,11.4,.448,.455,.727,4.0,9.8,6.6,28.0,0.0,3.8,12.1,27.7,,0.0,0.0,0.0,.000,,-3.4,0.2,-3.2,0.0
123,Drew Eubanks,C,27,UTA,7,88,14.9,.640,.167,.389,12.2,20.5,16.4,15.8,0.5,4.1,22.2,12.8,,0.1,0.0,0.2,.094,,-1.1,0.2,-0.9,0.0
124,Bruno Fernando,C,26,TOR,9,81,17.0,.520,.000,.138,20.4,25.6,22.9,16.0,0.6,8.0,16.3,18.6,,0.1,0.1,0.2,.091,,-2.1,0.9,-1.1,0.0
125,Kyle Filipowski,C,21,UTA,9,141,13.4,.621,.477,.182,3.8,23.3,13.6,18.0,0.7,1.3,15.9,16.6,,0.1,0.1,0.2,.059,,-0.9,-0.1,-1.0,0.0
126,Dorian Finney-Smith,PF,31,BRK,10,289,11.3,.560,.655,.143,8.4,12.3,10.3,8.1,2.1,2.0,12.7,15.7,,0.2,0.2,0.4,.070,,-1.4,0.2,-1.2,0.1
127,Adam Flagler,SG,25,OKC,5,11,34.5,1.500,1.000,.000,0.0,9.4,4.7,0.0,4.3,0.0,0.0,11.6,,0.1,0.0,0.1,.352,,13.1,8.4,21.5,0.1
128,Simone Fontecchio,SF,29,DET,12,229,9.0,.533,.661,.339,4.5,16.1,10.4,6.6,0.4,0.4,10.1,14.9,,0.1,0.2,0.3,.064,,-2.2,-0.9,-3.0,-0.1
129,De'Aaron Fox,PG,27,SAC,12,442,18.7,.584,.326,.290,3.2,12.8,8.2,21.9,2.2,0.2,14.0,29.0,,0.5,0.5,1.0,.110,,0.5,-1.0,-0.5,0.2
130,Enrique Freeman,PF,24,IND,5,36,3.6,.410,.250,.500,3.3,3.1,3.2,6.7,1.4,2.5,17.0,7.2,,0.0,0.0,0.0,-0.005,,-5.9,-0.9,-6.8,0.0
131,Johnny Furphy,SG,20,IND,4,22,0.9,.281,.333,.083,10.8,10.0,10.4,0.0,2.2,0.0,7.4,26.8,,-0.1,0.0,-0.1,-0.251,,-8.7,-4.8,-13.5,-0.1
132,Daniel Gafford,PF,26,DAL,11,232,24.4,.733,.000,.325,12.5,18.0,15.3,9.4,1.0,4.8,9.0,18.7,,1.0,0.3,1.3,.261,,2.6,0.8,3.4,0.3
133,Darius Garland,PG,25,CLE,13,388,22.5,.663,.471,.148,2.5,5.7,4.1,31.4,2.1,1.0,14.1,26.4,,1.3,0.4,1.7,.212,,5.1,-0.8,4.3,0.6
134,Luka Garza,PF,26,MIN,4,17,-0.9,.350,.364,.091,7.0,26.7,17.1,0.0,0.0,0.0,14.9,34.2,,-0.1,0.0,-0.1,-0.304,,-15.2,-7.6,-22.8,-0.1
135,Keyonte George,SG,21,UTA,9,287,8.5,.458,.577,.285,1.5,8.9,5.2,31.1,0.7,0.3,15.6,25.1,,-0.3,0.0,-0.4,-0.063,,-2.9,-3.7,-6.6,-0.3
136,Kyshawn George,SG,21,WAS,10,290,9.5,.494,.691,.128,2.2,13.8,7.9,13.5,1.6,3.2,8.3,15.5,,0.0,0.1,0.1,.011,,-2.8,-0.7,-3.5,-0.1
137,Paul George,SF,34,PHI,5,146,17.4,.540,.493,.205,3.6,20.9,11.4,32.3,3.4,1.4,18.4,29.1,,-0.1,0.2,0.1,.040,,0.5,1.4,1.9,0.1
138,Taj Gibson,PF,39,CHO,6,76,11.7,.595,.111,.167,15.7,20.5,18.1,2.0,0.6,3.8,20.6,13.5,,0.0,0.1,0.1,.078,,-4.5,-0.6,-5.2,-0.1
139,Josh Giddey,SG,22,CHI,12,346,15.0,.527,.303,.311,5.1,17.3,11.3,34.1,1.3,0.5,17.6,21.8,,0.3,0.2,0.5,.069,,0.4,-0.6,-0.2,0.2
140,Shai Gilgeous-Alexander,SG,26,OKC,12,398,27.4,.610,.289,.383,2.4,14.8,8.7,31.6,2.5,3.4,10.7,32.8,,1.2,0.9,2.1,.258,,6.6,2.6,9.3,1.1
Rk,Player,Pos,Age,Tm,G,MP,PER,TS%,3PAr,FTr,ORB%,DRB%,TRB%,AST%,STL%,BLK%,TOV%,USG%,,OWS,DWS,WS,WS/48,,OBPM,DBPM,BPM,VORP
141,Anthony Gill,PF,32,WAS,7,21,18.7,.680,.400,.400,5.0,15.4,10.2,20.6,4.4,0.0,14.5,13.6,,0.0,0.0,0.1,.144,,2.9,2.3,5.2,0.0
142,Collin Gillespie,PG,25,PHO,1,3,27.1,.750,.500,.000,0.0,0.0,0.0,0.0,0.0,0.0,0.0,29.5,,0.0,0.0,0.0,.144,,11.3,-0.3,11.0,0.0
143,Rudy Gobert,C,32,MIN,12,382,16.0,.687,.000,.519,11.5,26.1,19.0,8.5,0.8,3.5,18.2,13.1,,0.8,0.6,1.4,.173,,-0.9,0.5,-0.4,0.2
144,Aaron Gordon,PF,29,DEN,7,212,19.2,.663,.314,.371,9.8,14.4,12.1,14.8,1.1,0.9,10.0,17.9,,0.7,0.1,0.8,.181,,4.3,-1.1,3.3,0.3
145,Eric Gordon,SG,36,PHI,9,177,6.8,.550,.581,.419,1.2,4.3,2.6,10.2,0.6,1.1,17.8,15.2,,-0.1,0.0,0.0,-0.011,,-3.4,-2.1,-5.6,-0.2
146,Jazian Gortman,PG,21,DAL,2,5,14.0,1.500,1.000,.000,0.0,0.0,0.0,0.0,0.0,0.0,50.0,17.2,,0.0,0.0,0.0,-0.072,,4.2,-2.7,1.5,0.0
147,Jerami Grant,PF,30,POR,13,434,12.5,.516,.462,.303,0.9,11.2,5.8,10.4,1.1,3.5,8.3,22.8,,0.1,0.3,0.4,.045,,-0.7,-1.0,-1.7,0.0
148,A.J. Green,SG,25,MIL,11,191,15.1,.743,.982,.035,1.1,8.9,5.1,7.6,1.8,0.0,9.4,14.7,,0.4,0.1,0.5,.136,,2.4,-0.2,2.2,0.2
149,Draymond Green,PF,34,GSW,11,303,14.0,.610,.538,.477,3.1,16.7,9.9,23.0,1.9,3.7,20.3,13.5,,0.5,0.5,1.0,.160,,-0.3,2.7,2.4,0.3
150,Jalen Green,SG,22,HOU,12,405,13.4,.519,.505,.229,1.5,13.4,7.3,14.2,1.2,1.1,11.8,27.6,,0.1,0.6,0.7,.078,,0.5,-0.5,0.0,0.2
151,Javonte Green,SG,31,NOP,12,272,9.9,.516,.396,.264,3.6,13.0,8.1,5.0,2.9,1.7,6.3,9.9,,0.2,0.2,0.3,.055,,-3.3,0.6,-2.7,0.0
152,Jeff Green,PF,38,HOU,3,12,29.0,1.333,.667,.000,0.0,8.9,4.3,13.9,4.1,0.0,25.0,13.7,,0.1,0.0,0.1,.310,,9.6,5.6,15.2,0.1
153,Josh Green,SG,24,CHO,9,208,4.3,.523,.622,.135,2.1,5.3,3.7,6.6,0.9,1.9,15.2,9.4,,0.0,0.1,0.1,.025,,-5.7,-0.4,-6.1,-0.2
154,Quentin Grimes,SG,24,DAL,10,137,8.0,.526,.594,.156,3.1,16.0,9.7,3.7,1.8,0.7,8.1,11.7,,0.0,0.2,0.2,.064,,-3.1,0.5,-2.6,0.0
155,Mouhamed Gueye,PF,22,ATL,2,11,-5.7,.250,.500,.000,0.0,20.6,10.0,0.0,0.0,0.0,20.0,18.7,,-0.1,0.0,-0.1,-0.295,,-10.8,-5.1,-15.8,0.0
156,Rui Hachimura,PF,26,LAL,10,339,11.8,.542,.336,.215,7.6,13.0,10.4,6.0,1.0,1.3,5.6,15.7,,0.4,0.1,0.5,.070,,-0.7,-2.0,-2.7,-0.1
157,Tyrese Haliburton,PG,24,IND,11,388,15.3,.507,.545,.256,2.1,10.5,6.5,34.4,1.6,1.2,11.2,22.1,,0.4,0.2,0.6,.076,,1.1,-1.3,-0.2,0.2
158,Tim Hardaway Jr.,SG,32,DET,12,341,12.9,.664,.693,.267,0.3,6.0,3.3,10.1,0.7,0.0,6.6,15.2,,0.8,0.2,1.0,.137,,0.8,-0.4,0.4,0.2
159,James Harden,SG,35,LAC,12,418,17.9,.527,.490,.454,2.7,23.5,13.0,38.9,2.4,2.4,19.8,30.2,,0.1,0.7,0.8,.096,,2.0,1.5,3.5,0.6
160,Jaden Hardy,SG,22,DAL,10,117,4.3,.451,.676,.108,2.8,6.3,4.5,14.0,1.2,0.8,22.1,18.3,,-0.2,0.1,-0.2,-0.062,,-5.4,-1.7,-7.1,-0.2
Rk,Player,Pos,Age,Tm,G,MP,PER,TS%,3PAr,FTr,ORB%,DRB%,TRB%,AST%,STL%,BLK%,TOV%,USG%,,OWS,DWS,WS,WS/48,,OBPM,DBPM,BPM,VORP
161,Gary Harris,SG,30,ORL,11,191,6.6,.508,.773,.068,2.8,7.4,5.0,4.4,0.8,2.5,9.9,11.3,,0.0,0.3,0.2,.057,,-3.0,-0.1,-3.1,-0.1
162,Tobias Harris,PF,32,DET,13,446,12.9,.525,.348,.152,3.1,20.9,12.2,11.6,1.2,3.6,10.1,18.1,,0.1,0.6,0.8,.081,,-1.9,1.1,-0.7,0.1
163,Josh Hart,SG,29,NYK,11,401,17.1,.670,.354,.271,6.5,22.9,14.7,20.3,1.4,0.8,17.6,14.3,,1.0,0.3,1.3,.159,,1.5,0.9,2.4,0.5
164,Sam Hauser,PF,27,BOS,10,209,11.4,.514,.847,.000,4.9,16.4,10.6,7.9,1.4,1.3,5.3,15.7,,0.1,0.3,0.4,.091,,-0.2,-0.5,-0.8,0.1
165,Jordan Hawkins,SG,22,NOP,8,242,12.3,.562,.505,.282,1.8,15.5,8.5,7.1,0.2,1.1,10.1,22.6,,0.2,0.0,0.2,.031,,-1.1,-3.9,-4.9,-0.2
166,Jaxson Hayes,C,24,LAL,10,175,16.8,.744,.000,.559,12.8,17.4,15.1,7.0,0.8,4.5,12.4,11.9,,0.5,0.1,0.7,.182,,-0.9,-0.2,-1.1,0.0
167,Scoot Henderson,PG,20,POR,13,332,10.8,.510,.279,.265,2.5,10.9,6.5,28.1,2.0,0.0,20.9,23.7,,-0.3,0.2,-0.1,-0.013,,-3.6,-1.4,-5.0,-0.3
168,Taylor Hendricks,PF,21,UTA,3,75,7.2,.354,.667,.222,7.1,14.2,10.7,3.8,3.2,4.9,9.2,12.0,,-0.1,0.1,0.0,-0.007,,-5.3,1.1,-4.1,0.0
169,Tyler Herro,SG,25,MIA,10,335,22.4,.668,.561,.205,0.6,16.2,8.4,28.6,1.0,0.6,12.2,27.5,,1.0,0.2,1.2,.175,,6.2,-0.8,5.4,0.6
170,Buddy Hield,SG,32,GSW,11,270,21.8,.659,.638,.099,2.7,14.2,8.5,11.9,1.8,1.7,5.8,24.0,,0.8,0.4,1.2,.218,,6.1,0.2,6.3,0.6
171,Haywood Highsmith,SF,28,MIA,8,196,14.2,.673,.524,.262,3.3,11.1,7.1,4.4,3.5,2.0,6.0,11.0,,0.3,0.2,0.6,.139,,-1.4,1.4,0.0,0.1
172,Aaron Holiday,PG,28,HOU,5,48,15.1,.658,.615,.385,0.0,6.7,3.2,23.0,1.0,0.0,11.6,14.7,,0.1,0.1,0.2,.196,,1.0,0.3,1.3,0.0
173,Jrue Holiday,PG,34,BOS,13,400,13.9,.610,.524,.183,3.1,11.4,7.2,18.6,0.9,0.7,13.4,17.0,,0.7,0.4,1.1,.130,,0.4,-0.5,0.0,0.2
174,Ron Holland,SF,19,DET,13,202,9.8,.509,.400,.214,3.4,16.1,9.9,5.1,1.5,0.5,8.4,17.8,,0.0,0.2,0.2,.048,,-4.2,-0.3,-4.5,-0.1
175,Richaun Holmes,PF,31,WAS,2,8,16.9,.500,.167,.000,13.2,13.5,13.3,0.0,0.0,0.0,0.0,31.1,,0.0,0.0,0.0,-0.018,,-0.5,-6.4,-6.9,0.0
176,Chet Holmgren,PF,22,OKC,10,265,22.4,.619,.333,.441,6.4,27.7,17.1,11.0,1.4,9.5,14.8,24.9,,0.3,0.8,1.1,.202,,2.0,3.5,5.5,0.5
177,Jalen Hood-Schifino,SG,21,LAL,1,1,0.0,,,,0.0,0.0,0.0,0.0,0.0,0.0,,0.0,,0.0,0.0,0.0,-0.018,,-5.5,-3.0,-8.5,0.0
178,Al Horford,C,38,BOS,11,292,14.4,.657,.704,.042,3.9,20.0,11.9,12.2,1.8,2.2,13.2,12.3,,0.5,0.4,0.9,.154,,1.4,2.1,3.5,0.4
179,Talen Horton-Tucker,SG,24,CHI,8,84,13.6,.567,.385,.500,3.7,17.2,10.5,19.7,0.0,1.0,8.6,17.1,,0.2,0.0,0.2,.105,,-0.8,-2.3,-3.1,0.0
180,Caleb Houstan,SF,22,ORL,8,42,0.4,.333,.750,.000,2.5,13.9,7.9,0.0,0.0,2.3,0.0,12.2,,-0.1,0.1,0.0,-0.017,,-8.2,-0.9,-9.1,-0.1
Rk,Player,Pos,Age,Tm,G,MP,PER,TS%,3PAr,FTr,ORB%,DRB%,TRB%,AST%,STL%,BLK%,TOV%,USG%,,OWS,DWS,WS,WS/48,,OBPM,DBPM,BPM,VORP
181,Jett Howard,SF,21,ORL,13,121,9.1,.561,.837,.041,0.9,9.7,5.1,3.9,0.4,3.2,9.1,19.4,,0.0,0.2,0.1,.058,,-1.2,-0.3,-1.5,0.0
182,Kevin Huerter,SG,26,SAC,10,269,14.4,.587,.628,.074,2.2,12.5,7.6,12.4,2.5,1.8,7.6,17.0,,0.3,0.4,0.7,.123,,-0.8,0.7,-0.1,0.1
183,Jay Huff,C,26,MEM,12,185,23.9,.727,.640,.227,4.3,14.3,9.5,7.0,1.0,11.6,6.8,19.3,,0.6,0.3,1.0,.250,,5.3,2.2,7.5,0.4
184,Ariel Hukporti,C,22,NYK,5,32,-1.7,.000,.000,.000,0.0,32.7,16.4,0.0,0.0,12.7,60.0,6.9,,-0.1,0.1,-0.1,-0.119,,-11.7,2.6,-9.1,-0.1
185,De'Andre Hunter,SF,27,ATL,2,59,19.1,.606,.417,.542,3.6,21.1,12.2,9.6,1.6,1.7,0.0,20.7,,0.2,0.0,0.2,.195,,1.1,-1.7,-0.7,0.0
186,Bones Hyland,PG,24,LAC,3,13,18.6,.506,.444,.222,8.5,8.6,8.6,0.0,3.8,7.6,9.2,36.0,,0.0,0.0,0.0,.056,,2.1,2.0,4.1,0.0
187,Oso Ighodaro,PF,22,PHO,7,77,10.9,.620,.000,.214,10.0,23.9,17.0,1.8,1.3,3.5,20.7,11.1,,0.0,0.1,0.1,.086,,-5.0,-0.7,-5.7,-0.1
188,Joe Ingles,SF,37,MIN,5,26,4.4,.000,1.000,.000,9.2,0.0,4.5,36.8,0.0,0.0,33.3,5.0,,0.0,0.0,0.0,.067,,-3.8,0.4,-3.4,0.0
189,Brandon Ingram,SF,27,NOP,12,396,17.2,.557,.357,.122,3.9,16.9,10.2,28.5,1.2,1.4,15.4,30.7,,0.1,0.1,0.2,.028,,1.7,-2.4,-0.6,0.1
190,Harrison Ingram,SF,22,SAS,1,7,-5.8,.000,.000,.000,0.0,15.0,7.9,0.0,0.0,0.0,0.0,6.2,,0.0,0.0,0.0,-0.114,,-11.7,-3.9,-15.6,0.0
191,Kyrie Irving,PG,32,DAL,11,392,24.0,.661,.319,.220,3.6,10.1,6.9,21.9,2.0,0.7,9.1,25.3,,1.4,0.4,1.8,.219,,6.5,0.3,6.8,0.9
192,Jonathan Isaac,PF,27,ORL,10,148,18.9,.582,.521,.250,12.2,21.4,16.5,4.2,2.6,5.8,7.0,16.5,,0.2,0.4,0.6,.199,,0.9,2.1,3.0,0.2
193,Jaden Ivey,SG,22,DET,12,395,13.6,.548,.324,.269,5.2,11.2,8.3,18.7,1.2,1.4,16.4,26.5,,0.0,0.4,0.3,.041,,-1.1,-0.7,-1.8,0.0
194,Andre Jackson Jr.,SG,23,MIL,11,190,5.2,.490,.548,.194,2.3,12.3,7.4,12.3,2.6,2.0,30.8,11.2,,-0.3,0.2,0.0,-0.010,,-7.1,1.4,-5.8,-0.2
195,Isaiah Jackson,PF,23,IND,5,84,18.9,.600,.000,.609,15.6,22.3,19.1,8.6,1.7,8.7,14.6,17.9,,0.1,0.1,0.3,.144,,-0.8,1.3,0.5,0.1
196,Jaren Jackson Jr.,C,25,MEM,10,282,22.1,.647,.340,.360,4.4,16.2,10.6,5.6,2.5,4.2,10.8,27.9,,0.6,0.5,1.1,.183,,2.1,0.8,3.0,0.4
197,Quenton Jackson,PG,26,IND,3,35,11.9,.597,.400,.200,3.4,9.4,6.5,19.9,1.4,0.0,15.5,16.2,,0.0,0.0,0.1,.076,,-2.8,-0.2,-2.9,0.0
198,Reggie Jackson,PG,34,PHI,5,56,9.9,.475,.600,.000,0.0,13.6,6.1,30.7,1.8,0.0,13.0,17.9,,0.0,0.0,0.0,.025,,-3.2,-0.5,-3.7,0.0
199,Trayce Jackson-Davis,PF,24,GSW,11,182,21.0,.679,.000,.281,8.0,21.6,14.8,19.6,0.8,2.5,9.9,16.2,,0.6,0.3,0.9,.232,,2.4,1.6,4.0,0.3
200,Bronny James,SG,20,LAL,6,16,5.1,.291,.667,.333,7.4,0.0,3.6,15.5,3.0,0.0,0.0,18.5,,0.0,0.0,0.0,-0.058,,-7.0,-1.5,-8.5,0.0
Rk,Player,Pos,Age,Tm,G,MP,PER,TS%,3PAr,FTr,ORB%,DRB%,TRB%,AST%,STL%,BLK%,TOV%,USG%,,OWS,DWS,WS,WS/48,,OBPM,DBPM,BPM,VORP
201,LeBron James,SF,40,LAL,11,385,24.3,.635,.330,.308,1.5,24.6,13.3,43.5,0.9,1.4,13.9,27.2,,1.3,0.3,1.5,.189,,6.6,0.6,7.2,0.9
202,Jaime Jaquez Jr.,SF,23,MIA,7,167,12.9,.503,.246,.246,9.6,21.4,15.5,14.6,2.1,0.6,16.1,21.0,,-0.1,0.2,0.1,.039,,-2.5,-0.6,-3.1,0.0
203,Trey Jemison,C,25,NOP,6,46,14.1,.470,.000,.364,28.7,23.0,25.9,12.4,1.1,6.0,28.2,16.4,,0.0,0.0,0.0,.025,,-4.1,-1.1,-5.2,0.0
204,Daniss Jenkins,PG,23,DET,2,5,-18.2,.000,1.000,.000,0.0,0.0,0.0,0.0,0.0,0.0,0.0,17.2,,0.0,0.0,0.0,-0.393,,-21.5,-7.7,-29.2,0.0
205,Ty Jerome,SG,27,CLE,13,211,26.1,.738,.333,.295,4.0,9.4,6.8,28.9,4.1,0.0,13.7,21.2,,1.0,0.3,1.3,.298,,5.1,2.4,7.5,0.5
206,Isaiah Joe,SG,25,OKC,12,263,12.6,.561,.809,.074,4.0,10.6,7.3,9.1,1.6,0.4,3.0,16.1,,0.4,0.5,0.8,.147,,0.2,-0.2,-0.1,0.1
207,AJ Johnson,SG,20,MIL,4,8,-0.8,.333,.000,.000,0.0,13.3,6.7,17.6,0.0,0.0,25.0,21.9,,0.0,0.0,0.0,-0.240,,-10.2,-5.1,-15.3,0.0
208,Cameron Johnson,PF,28,BRK,12,397,16.0,.624,.637,.199,2.0,12.9,7.4,12.6,0.9,1.2,3.6,18.4,,1.0,0.2,1.2,.139,,3.0,-0.5,2.5,0.4
209,Jalen Johnson,SF,23,ATL,12,440,15.8,.536,.302,.286,5.9,25.3,15.3,21.3,1.9,2.5,15.8,23.6,,0.1,0.3,0.4,.045,,-0.6,-0.4,-1.1,0.1
210,James Johnson,PF,37,IND,2,6,8.8,.500,.500,.000,0.0,0.0,0.0,24.0,0.0,15.3,33.3,21.9,,0.0,0.0,0.0,-0.139,,-3.8,2.4,-1.4,0.0
211,Keldon Johnson,SF,25,SAS,12,323,13.6,.536,.369,.262,5.8,17.2,11.8,8.4,1.4,1.1,6.8,19.6,,0.3,0.4,0.6,.096,,-1.5,-1.0,-2.5,0.0
212,Keon Johnson,SG,22,BRK,11,147,9.0,.489,.611,.093,4.7,22.5,13.4,10.1,1.0,2.7,13.8,19.7,,-0.1,0.1,0.0,-0.005,,-3.5,-0.6,-4.1,-0.1
213,Nikola Jokić,C,29,DEN,10,381,33.3,.667,.203,.365,12.9,26.4,19.6,51.7,2.1,2.4,15.5,29.0,,2.1,0.5,2.6,.323,,11.6,3.4,15.0,1.6
214,Colby Jones,SG,22,SAC,6,12,8.5,1.250,.500,.000,0.0,0.0,0.0,0.0,0.0,8.3,50.0,14.5,,0.0,0.0,0.0,-0.026,,-4.2,-1.3,-5.5,0.0
215,Derrick Jones Jr.,SF,27,LAC,12,321,12.9,.625,.431,.118,6.2,8.0,7.1,6.6,2.0,1.2,13.0,16.5,,0.4,0.3,0.7,.103,,-0.5,0.1,-0.4,0.1
216,Dillon Jones,SF,23,OKC,11,75,3.6,.313,.556,.148,9.8,16.5,13.2,10.1,1.3,1.3,12.2,18.5,,-0.2,0.1,-0.1,-0.044,,-8.4,-1.8,-10.2,-0.2
217,Herbert Jones,SF,26,NOP,4,113,7.6,.522,.440,.080,3.9,6.2,5.0,5.0,3.1,0.8,16.2,11.6,,0.0,0.0,0.0,-0.003,,-5.3,-1.0,-6.3,-0.1
218,Isaac Jones,PF,24,SAC,5,10,5.6,.500,.000,.000,0.0,10.9,5.7,0.0,0.0,0.0,0.0,17.5,,0.0,0.0,0.0,.007,,-9.4,-4.5,-13.8,0.0
219,Kai Jones,C,24,LAC,9,74,13.2,.669,.000,.417,13.5,12.1,12.8,5.7,0.0,8.0,22.0,10.6,,0.1,0.1,0.2,.117,,-2.3,0.4,-1.9,0.0
220,Mason Jones,SG,26,SAC,2,4,26.2,,,,0.0,0.0,0.0,100.0,0.0,0.0,,0.0,,0.0,0.0,0.0,.422,,11.3,5.9,17.2,0.0
Rk,Player,Pos,Age,Tm,G,MP,PER,TS%,3PAr,FTr,ORB%,DRB%,TRB%,AST%,STL%,BLK%,TOV%,USG%,,OWS,DWS,WS,WS/48,,OBPM,DBPM,BPM,VORP
221,Spencer Jones,SF,23,DEN,1,2,30.6,,,,0.0,54.7,27.3,0.0,24.0,0.0,,0.0,,0.0,0.0,0.0,.366,,-0.3,20.3,20.1,0.0
222,Tre Jones,PG,25,SAS,1,16,12.8,.399,.000,2.000,7.3,0.0,3.5,22.5,3.1,0.0,0.0,10.2,,0.0,0.0,0.0,.136,,-0.4,1.2,0.7,0.0
223,Tyus Jones,PG,28,PHO,12,388,14.1,.574,.556,.074,2.6,6.7,4.6,28.8,1.4,0.5,11.2,14.3,,0.8,0.2,0.9,.116,,0.5,-1.1,-0.5,0.1
224,DeAndre Jordan,C,36,DEN,2,20,11.6,.450,.000,.250,38.1,32.8,35.5,14.8,0.0,4.5,36.0,29.1,,-0.1,0.0,-0.1,-0.130,,-7.4,-4.9,-12.4,-0.1
225,Cory Joseph,PG,33,ORL,8,32,14.0,.429,.786,.000,6.6,14.6,10.4,27.9,1.5,6.0,6.7,20.0,,0.0,0.1,0.1,.109,,1.2,2.4,3.6,0.0
226,Nikola Jović,PF,21,MIA,10,180,14.8,.569,.492,.185,4.2,19.3,11.7,11.2,2.8,0.5,10.2,18.9,,0.1,0.2,0.4,.100,,-1.0,0.3,-0.7,0.1
227,Johnny Juzang,SG,23,UTA,7,118,12.2,.664,.742,.323,1.8,8.1,5.0,7.9,1.6,1.5,7.8,13.5,,0.2,0.0,0.3,.105,,-1.8,-0.4,-2.2,0.0
228,Yuki Kawamura,PG,23,MEM,8,26,-0.2,.313,.727,.364,0.0,7.8,4.1,27.2,0.0,0.0,19.0,24.5,,-0.1,0.0,-0.1,-0.164,,-9.6,-5.5,-15.1,-0.1
229,Luke Kennard,SG,28,MEM,4,84,15.3,.670,.696,.087,1.3,9.7,5.7,30.0,1.1,1.2,14.3,13.4,,0.2,0.1,0.3,.186,,2.3,0.5,2.8,0.1
230,Walker Kessler,C,23,UTA,9,238,19.2,.679,.000,.451,15.3,27.7,21.5,6.1,0.8,9.6,19.7,13.3,,0.3,0.3,0.6,.128,,-0.9,0.9,0.1,0.1
231,Corey Kispert,SF,25,WAS,10,301,7.3,.511,.616,.152,0.7,9.3,5.0,7.5,0.9,0.3,8.7,15.9,,-0.1,-0.1,-0.2,-0.030,,-4.0,-2.8,-6.8,-0.4
232,Maxi Kleber,PF,33,DAL,2,31,7.3,.500,.400,.000,0.0,16.9,8.6,11.7,0.0,3.0,0.0,7.0,,0.0,0.0,0.1,.083,,-3.7,1.0,-2.7,0.0
233,Dalton Knecht,SF,23,LAL,11,200,10.7,.591,.662,.092,2.4,9.0,5.8,9.7,1.0,0.0,8.1,15.8,,0.2,0.0,0.2,.055,,-1.1,-2.1,-3.2,-0.1
234,Tyler Kolek,PG,23,NYK,7,47,20.8,.949,.615,.308,5.0,7.4,6.2,9.0,2.1,0.0,25.3,18.5,,0.1,0.0,0.2,.174,,4.6,0.3,4.9,0.1
235,Christian Koloko,C,24,LAL,3,28,8.0,.750,.000,.000,4.2,12.1,8.2,4.7,1.7,3.1,33.3,9.2,,0.0,0.0,0.0,.026,,-4.7,-0.1,-4.8,0.0
236,John Konchar,SG,28,MEM,6,111,10.6,.603,.857,.286,7.1,16.5,12.0,8.3,1.2,4.4,16.0,6.8,,0.1,0.2,0.3,.129,,-0.7,1.5,0.7,0.1
237,Luke Kornet,C,29,BOS,12,200,17.1,.713,.000,.586,12.4,13.1,12.8,12.5,1.5,4.1,9.9,8.7,,0.7,0.3,1.0,.239,,1.1,1.8,2.9,0.2
238,Vit Krejci,PG,24,ATL,4,56,6.6,.527,.500,.500,1.9,8.1,4.9,9.3,2.5,1.8,19.0,15.4,,0.0,0.0,0.0,-0.021,,-5.9,-0.6,-6.5,-0.1
239,Jonathan Kuminga,PF,22,GSW,11,267,16.3,.566,.303,.393,5.5,13.2,9.3,10.3,1.8,1.7,11.2,25.1,,0.3,0.4,0.6,.114,,-0.4,-1.0,-1.4,0.0
240,Kyle Kuzma,PF,29,WAS,5,142,8.0,.457,.405,.215,4.5,19.0,11.7,14.3,0.7,1.3,15.6,29.9,,-0.4,0.0,-0.4,-0.142,,-4.2,-3.3,-7.4,-0.2
Rk,Player,Pos,Age,Tm,G,MP,PER,TS%,3PAr,FTr,ORB%,DRB%,TRB%,AST%,STL%,BLK%,TOV%,USG%,,OWS,DWS,WS,WS/48,,OBPM,DBPM,BPM,VORP
241,Jock Landale,C,29,HOU,8,94,16.8,.567,.167,.333,11.8,17.0,14.3,10.8,1.0,1.9,8.0,16.4,,0.2,0.1,0.4,.179,,0.4,0.2,0.7,0.1
242,Jake LaRavia,PF,23,MEM,12,309,14.0,.598,.390,.416,7.7,14.1,11.1,18.6,1.5,1.6,15.7,14.1,,0.5,0.4,0.9,.146,,0.2,0.9,1.1,0.2
243,Pelle Larsson,SG,23,MIA,7,97,12.3,.639,.522,.435,2.2,6.7,4.4,16.5,2.0,0.0,12.7,14.1,,0.2,0.1,0.2,.107,,-2.6,-0.2,-2.8,0.0
244,Zach LaVine,SG,29,CHI,9,312,17.6,.665,.479,.268,1.0,14.9,8.0,17.5,1.2,1.1,17.2,25.4,,0.3,0.2,0.5,.076,,2.1,-0.7,1.4,0.3
245,Damion Lee,SG,32,PHO,2,29,1.8,.381,.571,.286,0.0,11.2,5.7,13.7,0.0,0.0,20.2,15.1,,-0.1,0.0,-0.1,-0.101,,-7.7,-2.2,-10.0,-0.1
246,Alex Len,C,31,SAC,9,67,11.2,.558,.222,.444,1.8,32.5,17.8,12.9,1.4,10.4,31.7,10.3,,0.0,0.2,0.1,.078,,-4.4,4.5,0.1,0.0
247,Malevy Leons,SF,25,OKC,5,17,-3.5,.266,.500,2.000,6.2,6.1,6.1,6.6,0.0,0.0,21.0,11.9,,0.0,0.0,0.0,-0.068,,-11.9,-2.9,-14.8,-0.1
248,Caris LeVert,SG,30,CLE,11,259,20.9,.653,.455,.239,2.8,10.6,6.9,24.2,2.4,2.5,9.3,18.1,,0.9,0.4,1.2,.226,,4.1,1.5,5.6,0.5
249,Maxwell Lewis,SF,22,LAL,2,3,-4.9,,,,0.0,0.0,0.0,0.0,0.0,0.0,,0.0,,0.0,0.0,0.0,-0.015,,-12.0,-2.5,-14.5,0.0
250,Damian Lillard,PG,34,MIL,10,358,22.8,.614,.517,.433,2.4,11.3,6.9,29.9,1.4,0.5,11.3,29.2,,1.1,0.2,1.3,.178,,4.9,-1.1,3.8,0.5
251,Dereck Lively II,C,20,DAL,7,162,21.1,.690,.000,.525,14.6,22.6,18.7,14.6,1.5,3.4,14.0,15.2,,0.5,0.2,0.8,.232,,1.4,1.7,3.1,0.2
252,Chris Livingston,SF,21,MIL,1,2,-18.8,.000,.000,.000,0.0,0.0,0.0,0.0,0.0,0.0,0.0,21.9,,0.0,0.0,0.0,-0.552,,-18.7,-9.9,-28.6,0.0
253,Kevon Looney,PF,28,GSW,10,161,21.8,.515,.000,.396,28.5,26.3,27.4,12.9,3.0,2.3,11.0,16.3,,0.5,0.4,0.9,.254,,0.5,0.1,0.6,0.1
254,Brook Lopez,C,36,MIL,12,383,12.5,.526,.565,.209,4.6,12.5,8.6,7.0,1.9,7.3,11.9,16.3,,0.0,0.5,0.5,.061,,-1.9,1.0,-0.9,0.1
255,Kevin Love,PF,36,MIA,2,23,15.9,.393,.727,.091,9.3,28.3,18.7,12.8,4.3,0.0,0.0,21.6,,0.0,0.0,0.0,.081,,1.8,-0.4,1.4,0.0
256,Kyle Lowry,PG,38,PHI,11,267,12.9,.600,.800,.345,2.3,10.5,6.0,22.0,2.2,1.9,13.6,12.0,,0.4,0.2,0.6,.112,,-0.8,1.1,0.3,0.2
257,Trey Lyles,PF,29,SAC,12,197,9.4,.471,.737,.140,4.2,18.2,11.6,5.8,1.5,4.0,7.6,14.5,,0.0,0.3,0.2,.055,,-2.6,-0.4,-3.1,-0.1
258,Sandro Mamukelashvili,PF,25,SAS,9,76,17.6,.786,.680,.040,7.7,24.8,16.7,4.1,0.6,4.8,23.9,19.1,,0.1,0.1,0.2,.104,,2.1,0.2,2.4,0.1
259,Terance Mann,SG,28,LAC,12,273,8.8,.482,.354,.231,6.9,12.7,9.8,10.6,1.3,1.1,10.1,12.5,,0.1,0.3,0.4,.072,,-3.1,0.2,-2.9,-0.1
260,Tre Mann,PG,23,CHO,10,251,15.6,.554,.389,.135,3.9,8.9,6.3,22.7,1.4,1.2,12.5,25.6,,0.3,0.2,0.4,.085,,0.6,-1.3,-0.7,0.1
Rk,Player,Pos,Age,Tm,G,MP,PER,TS%,3PAr,FTr,ORB%,DRB%,TRB%,AST%,STL%,BLK%,TOV%,USG%,,OWS,DWS,WS,WS/48,,OBPM,DBPM,BPM,VORP
261,Lauri Markkanen,PF,27,UTA,7,210,15.8,.550,.422,.411,6.6,15.7,11.2,16.0,1.1,0.0,9.4,23.2,,0.3,0.0,0.3,.078,,1.8,-2.0,-0.2,0.1
262,Naji Marshall,SF,27,DAL,11,254,13.5,.562,.333,.159,4.7,12.8,8.8,15.0,2.1,0.7,11.9,14.2,,0.3,0.3,0.6,.110,,-0.9,0.6,-0.3,0.1
263,Caleb Martin,SF,29,PHI,11,375,11.2,.535,.333,.475,5.6,14.6,9.6,12.7,1.9,0.8,16.1,16.6,,0.1,0.2,0.3,.038,,-2.4,-0.5,-2.9,-0.1
264,Cody Martin,SF,29,CHO,11,269,14.3,.620,.519,.148,4.0,15.7,9.8,12.0,1.8,1.4,11.3,15.2,,0.4,0.3,0.7,.127,,-0.2,0.6,0.4,0.2
265,Jaylen Martin,SF,21,BRK,2,3,35.0,1.500,1.000,.000,0.0,0.0,0.0,0.0,0.0,0.0,0.0,14.8,,0.0,0.0,0.0,.205,,17.3,4.6,21.9,0.0
266,KJ Martin,SF,24,PHI,9,157,11.8,.701,.148,.370,2.7,15.4,8.4,4.9,0.9,3.8,3.1,9.0,,0.3,0.1,0.4,.129,,-2.8,0.8,-2.0,0.0
267,Tyrese Martin,SG,25,BRK,3,20,2.5,.500,.833,.000,0.0,6.1,3.0,0.0,0.0,0.0,14.3,15.5,,0.0,0.0,0.0,-0.086,,-4.7,-6.4,-11.1,0.0
268,Garrison Mathews,SG,28,ATL,11,252,13.6,.692,.833,.306,1.3,5.4,3.3,10.1,1.9,0.8,7.9,14.4,,0.6,0.0,0.6,.111,,0.4,-1.1,-0.6,0.1
269,Bennedict Mathurin,SG,22,IND,11,339,19.1,.671,.328,.534,4.2,19.8,12.3,8.5,0.9,0.3,10.5,23.4,,0.9,0.2,1.1,.152,,2.6,-1.5,1.1,0.3
270,Karlo Matković,PF,23,NOP,2,5,24.4,1.000,.000,.000,66.0,23.5,45.4,0.0,0.0,18.4,66.7,25.5,,0.0,0.0,0.0,-0.095,,-3.4,-5.1,-8.5,0.0
271,Tyrese Maxey,PG,24,PHI,7,278,16.3,.522,.467,.273,0.0,9.6,4.3,18.6,1.8,1.4,7.0,31.2,,0.1,0.2,0.3,.043,,1.5,-1.4,0.1,0.1
272,Miles McBride,PG,24,NYK,11,290,12.4,.565,.580,.100,1.6,8.4,5.0,12.9,2.1,1.1,10.3,17.7,,0.2,0.2,0.4,.071,,-0.8,-0.3,-1.1,0.1
273,Jared McCain,PG,20,PHI,11,208,20.6,.591,.448,.198,2.5,11.0,6.3,23.6,1.2,0.0,8.0,28.7,,0.5,0.1,0.5,.124,,4.6,-1.0,3.6,0.3
274,Mac McClung,SG,26,ORL,1,5,14.5,,,,0.0,23.4,11.1,50.2,0.0,0.0,,0.0,,0.0,0.0,0.0,.229,,1.8,3.8,5.5,0.0
275,CJ McCollum,SG,33,NOP,4,137,16.8,.554,.523,.092,0.8,11.2,5.8,19.4,3.2,2.7,10.6,23.4,,0.1,0.1,0.2,.064,,0.9,-0.5,0.4,0.1
276,T.J. McConnell,PG,32,IND,10,170,17.8,.565,.052,.026,2.8,12.3,7.7,37.6,2.6,1.1,17.9,24.5,,0.1,0.1,0.2,.058,,0.5,-0.3,0.2,0.1
277,Jaden McDaniels,PF,24,MIN,12,352,9.9,.541,.392,.137,4.4,8.7,6.6,7.7,1.8,3.0,11.5,15.0,,0.1,0.4,0.5,.071,,-3.3,0.4,-3.0,-0.1
278,Doug McDermott,SF,33,SAC,8,69,2.7,.382,.875,.208,0.0,7.9,4.1,1.8,0.7,1.4,0.0,16.6,,-0.1,0.0,-0.1,-0.050,,-5.7,-3.6,-9.3,-0.1
279,Jordan McLaughlin,PG,28,SAC,9,58,10.5,.563,.563,.125,2.1,7.5,4.9,11.3,4.2,0.0,19.2,15.7,,0.0,0.1,0.1,.059,,-4.7,1.1,-3.6,0.0
280,Jack McVeigh,PF,28,HOU,3,10,-5.4,.300,.600,.000,0.0,21.4,10.4,0.0,0.0,0.0,16.7,24.7,,-0.1,0.0,0.0,-0.228,,-9.7,-6.0,-15.7,0.0
Rk,Player,Pos,Age,Tm,G,MP,PER,TS%,3PAr,FTr,ORB%,DRB%,TRB%,AST%,STL%,BLK%,TOV%,USG%,,OWS,DWS,WS,WS/48,,OBPM,DBPM,BPM,VORP
281,De'Anthony Melton,PG,26,GSW,6,121,13.7,.539,.648,.148,5.2,12.0,8.6,19.2,2.8,1.5,14.8,23.2,,0.1,0.2,0.3,.102,,-1.4,0.3,-1.1,0.0
282,Sam Merrill,SG,28,CLE,12,236,9.9,.589,.896,.090,1.0,8.4,4.9,9.6,1.6,0.4,7.9,14.0,,0.3,0.2,0.5,.100,,-1.5,-0.3,-1.8,0.0
283,Vasilije Micić,PG,31,CHO,4,58,-1.7,.222,.348,.174,9.4,17.3,13.3,9.4,1.7,0.0,16.8,21.6,,-0.3,0.1,-0.3,-0.224,,-10.7,-3.2,-13.9,-0.2
284,Brandon Miller,SF,22,CHO,7,203,14.2,.517,.626,.172,2.1,13.7,7.8,21.5,1.9,1.9,11.6,25.0,,0.1,0.2,0.3,.071,,1.1,0.7,1.8,0.2
285,Jordan Miller,SF,25,LAC,3,20,2.7,.436,.444,.333,11.1,5.6,8.3,7.5,0.0,0.0,22.5,28.7,,-0.1,0.0,-0.1,-0.166,,-6.4,-5.7,-12.0,0.0
286,Dariq Whitehead,SF,20,BRK,1,2,-44.6,,,,0.0,61.2,29.8,0.0,0.0,0.0,100.0,44.4,,-0.1,0.0,-0.1,-1.352,,-41.3,-9.4,-50.7,0.0
287,Patty Mills,PG,36,UTA,9,138,6.1,.495,.774,.097,0.8,5.4,3.1,13.8,2.1,1.3,19.8,12.1,,-0.1,0.0,-0.1,-0.023,,-4.7,0.1,-4.7,-0.1
288,Shake Milton,SG,28,BRK,9,98,9.4,.583,.833,.111,2.4,6.2,4.3,19.3,1.0,0.0,9.6,9.5,,0.2,0.0,0.2,.095,,-0.8,-0.8,-1.6,0.0
289,Riley Minix,SF,24,SAS,1,7,-1.8,.000,1.000,.000,0.0,30.0,15.8,0.0,0.0,0.0,0.0,6.2,,0.0,0.0,0.0,-0.092,,-8.5,-3.4,-11.9,0.0
290,Josh Minott,SF,22,MIN,6,42,1.2,.507,.500,.250,0.0,10.8,5.5,3.2,0.0,4.2,25.3,12.2,,-0.1,0.0,0.0,-0.043,,-9.3,-0.3,-9.6,-0.1
291,Yves Missi,C,20,NOP,12,272,16.9,.584,.000,.377,12.9,18.6,15.7,10.2,1.1,5.4,9.0,12.2,,0.5,0.1,0.7,.120,,-0.5,-0.9,-1.4,0.0
292,Ajay Mitchell,SG,22,OKC,12,182,12.5,.605,.224,.143,1.2,9.6,5.4,16.7,2.9,0.5,14.7,14.2,,0.2,0.4,0.5,.144,,-3.0,2.1,-0.9,0.1
293,Davion Mitchell,PG,26,TOR,12,341,9.3,.497,.479,.160,2.3,8.4,5.3,28.8,1.6,1.1,21.2,15.3,,0.0,0.0,0.0,.002,,-2.9,-1.3,-4.2,-0.2
294,Donovan Mitchell,SG,28,CLE,13,402,21.3,.595,.477,.203,2.4,12.6,7.7,19.5,2.4,0.5,9.8,31.1,,0.8,0.5,1.3,.155,,3.1,-0.7,2.4,0.4
295,Evan Mobley,C,23,CLE,13,395,20.9,.621,.129,.319,7.6,24.2,16.3,11.6,1.6,4.7,13.5,23.8,,0.7,0.7,1.4,.174,,0.3,0.6,0.9,0.3
296,Jonathan Mogbo,PF,23,TOR,12,187,16.8,.565,.140,.628,16.5,12.9,14.8,14.9,3.1,3.5,16.7,14.4,,0.3,0.1,0.5,.117,,-0.6,0.6,0.1,0.1
297,Malik Monk,SG,26,SAC,10,250,15.0,.546,.413,.250,0.0,13.0,6.8,16.0,1.7,1.6,6.5,21.5,,0.3,0.3,0.5,.105,,-0.7,-0.1,-0.9,0.1
298,Moses Moody,SG,22,GSW,11,178,15.2,.631,.589,.219,3.5,9.3,6.4,8.6,1.1,1.6,11.1,21.0,,0.3,0.2,0.5,.128,,1.1,-1.2,-0.1,0.1
299,Wendell Moore Jr.,SG,23,DET,4,31,10.6,.611,.222,.000,7.3,10.5,8.9,4.8,1.6,0.0,18.2,15.2,,0.0,0.0,0.0,.050,,-3.6,-1.9,-5.5,0.0
300,Ja Morant,PG,25,MEM,8,223,19.8,.555,.248,.432,2.0,16.4,9.6,48.6,1.0,0.9,18.6,33.1,,0.3,0.3,0.6,.124,,3.1,-1.4,1.7,0.2
Rk,Player,Pos,Age,Tm,G,MP,PER,TS%,3PAr,FTr,ORB%,DRB%,TRB%,AST%,STL%,BLK%,TOV%,USG%,,OWS,DWS,WS,WS/48,,OBPM,DBPM,BPM,VORP
301,Markieff Morris,PF,35,DAL,1,5,9.5,.000,.000,.000,0.0,41.8,21.2,44.7,0.0,0.0,0.0,8.6,,0.0,0.0,0.0,.038,,-0.6,4.8,4.2,0.0
302,Monte Morris,PG,29,PHO,8,84,16.1,.541,.519,.296,2.6,7.7,5.2,20.6,2.3,2.1,3.2,16.6,,0.2,0.1,0.2,.135,,0.7,0.9,1.6,0.1
303,Trey Murphy III,SF,24,NOP,2,52,5.2,.454,.538,.231,4.2,11.3,7.6,5.8,0.0,3.5,14.9,27.5,,-0.1,0.0,-0.1,-0.116,,-5.8,-3.6,-9.4,-0.1
304,Dejounte Murray,PG,28,NOP,1,30,17.0,.387,.200,.467,0.0,31.3,15.1,49.1,1.6,0.0,5.2,27.0,,0.0,0.0,0.0,.045,,-3.8,-1.5,-5.4,0.0
305,Jamal Murray,PG,27,DEN,7,247,12.9,.523,.364,.308,1.3,10.6,6.0,19.6,1.2,0.0,9.0,22.6,,0.2,0.1,0.3,.064,,-1.6,-2.7,-4.3,-0.1
306,Keegan Murray,SF,24,SAC,12,443,12.1,.549,.514,.148,7.8,16.7,12.5,6.1,0.4,1.8,6.2,15.9,,0.5,0.4,0.9,.099,,-1.1,-1.9,-3.0,-0.1
307,Kris Murray,SF,24,POR,12,167,11.0,.504,.395,.349,9.2,11.5,10.3,8.5,2.0,0.6,10.8,13.7,,0.1,0.1,0.2,.055,,-1.8,-0.3,-2.1,0.0
308,Svi Mykhailiuk,SF,27,UTA,1,15,5.1,.500,.833,.000,0.0,7.1,3.6,21.2,3.2,0.0,25.0,22.1,,0.0,0.0,0.0,-0.095,,-4.8,-1.1,-5.9,0.0
309,Larry Nance Jr.,PF,32,ATL,7,116,24.2,.868,.475,.050,8.3,7.8,8.1,13.5,2.0,1.8,8.9,15.9,,0.5,0.0,0.5,.210,,7.2,-0.5,6.7,0.3
310,Andrew Nembhard,SG,25,IND,7,187,7.7,.452,.250,.192,0.6,7.7,4.3,23.4,1.6,0.0,15.1,15.6,,-0.1,0.1,0.0,-0.007,,-4.0,-1.8,-5.8,-0.2
311,Aaron Nesmith,SF,25,IND,6,136,12.2,.659,.306,.361,3.5,16.2,10.1,6.1,1.4,1.3,10.7,15.1,,0.2,0.1,0.3,.108,,-2.1,-0.5,-2.6,0.0
312,Georges Niang,PF,31,CLE,13,237,10.6,.575,.649,.039,3.5,15.8,9.9,7.4,1.2,1.2,10.3,16.1,,0.1,0.3,0.4,.083,,-2.3,-0.7,-3.1,-0.1
313,Zeke Nnaji,PF,24,DEN,6,43,10.3,.509,.364,.364,5.1,10.2,7.6,9.5,0.0,4.2,0.0,12.4,,0.0,0.0,0.1,.068,,-2.5,-1.6,-4.1,0.0
314,Jaylen Nowell,SG,25,NOP,5,88,10.2,.475,.385,.179,3.7,8.0,5.8,16.2,0.6,1.0,8.7,22.2,,0.0,0.0,0.0,-0.025,,-1.5,-3.0,-4.5,-0.1
315,Jusuf Nurkić,C,30,PHO,11,266,11.3,.530,.405,.494,8.3,37.9,23.2,7.0,2.0,2.3,25.0,21.3,,-0.4,0.5,0.0,.003,,-5.4,-0.2,-5.6,-0.2
316,Royce O'Neale,SF,31,PHO,12,304,15.0,.570,.594,.135,6.5,20.3,13.5,13.8,1.5,3.5,9.8,16.4,,0.4,0.3,0.8,.119,,0.6,0.6,1.2,0.3
317,Josh Okogie,SG,26,PHO,4,61,26.2,.695,.357,.179,12.7,14.2,13.4,3.0,4.0,0.0,9.0,24.1,,0.2,0.1,0.2,.187,,5.5,0.7,6.1,0.1
318,Onyeka Okongwu,C,24,ATL,10,235,18.5,.635,.244,.321,10.1,17.4,13.6,11.7,1.2,2.6,7.3,16.8,,0.7,0.1,0.7,.150,,1.4,-1.0,0.4,0.1
319,Isaac Okoro,SG,24,CLE,13,263,11.8,.622,.579,.228,5.0,7.9,6.5,8.5,1.8,1.4,4.6,10.9,,0.5,0.3,0.8,.147,,-0.6,0.4,-0.2,0.1
320,Kelly Oubre Jr.,SF,29,PHI,11,347,10.2,.489,.360,.220,4.8,13.2,8.6,6.9,1.3,1.2,8.4,22.6,,-0.2,0.2,0.0,.000,,-3.7,-1.8,-5.5,-0.3
Rk,Player,Pos,Age,Tm,G,MP,PER,TS%,3PAr,FTr,ORB%,DRB%,TRB%,AST%,STL%,BLK%,TOV%,USG%,,OWS,DWS,WS,WS/48,,OBPM,DBPM,BPM,VORP
321,Chris Paul,PG,39,SAS,12,342,17.3,.616,.653,.137,1.7,12.3,7.3,42.8,2.3,0.3,19.2,15.8,,0.9,0.4,1.3,.179,,1.9,0.3,2.2,0.4
322,Cameron Payne,PG,30,NYK,7,103,15.4,.495,.476,.024,4.6,10.2,7.4,27.8,2.9,2.0,6.6,19.5,,0.2,0.1,0.3,.124,,-0.2,1.4,1.2,0.1
323,Gary Payton II,PG,32,GSW,11,131,17.8,.733,.206,.235,7.2,7.1,7.1,13.6,2.6,2.8,13.8,13.8,,0.4,0.2,0.5,.199,,0.2,2.3,2.5,0.1
324,Drew Peterson,PF,25,BOS,3,7,11.4,.000,1.000,.000,0.0,16.3,8.1,16.8,7.0,26.1,50.0,12.3,,0.0,0.0,0.0,-0.058,,-5.0,11.7,6.7,0.0
325,Julian Phillips,SF,21,CHI,12,160,11.1,.570,.558,.233,7.2,6.5,6.8,3.4,2.9,1.1,9.5,13.6,,0.1,0.1,0.2,.070,,-2.2,0.3,-1.9,0.0
326,Jalen Pickett,SG,25,DEN,2,4,-9.2,.000,1.000,.000,0.0,0.0,0.0,0.0,0.0,0.0,0.0,10.5,,0.0,0.0,0.0,-0.249,,-11.2,-5.6,-16.8,0.0
327,Scotty Pippen Jr.,PG,24,MEM,12,312,16.1,.613,.315,.269,2.2,14.0,8.4,31.7,2.1,1.9,19.9,19.5,,0.5,0.5,1.0,.150,,-0.2,1.2,0.9,0.2
328,Mason Plumlee,C,34,PHO,12,208,14.4,.614,.000,.730,8.5,27.6,18.1,11.5,0.9,2.6,12.5,11.9,,0.4,0.2,0.6,.139,,-2.2,0.2,-1.9,0.0
329,Brandin Podziemski,SG,21,GSW,10,255,8.6,.438,.456,.089,4.5,14.2,9.4,17.2,1.7,1.4,13.8,17.7,,-0.1,0.4,0.2,.041,,-4.6,-0.2,-4.8,-0.2
330,Jakob Poeltl,C,29,TOR,12,384,16.9,.580,.000,.264,13.2,26.1,19.5,13.4,1.8,3.6,18.2,18.8,,0.3,0.3,0.6,.077,,-1.2,-0.1,-1.3,0.1
331,Jordan Poole,SG,25,WAS,10,307,18.6,.613,.494,.238,1.0,6.0,3.5,24.2,3.5,2.1,16.2,29.2,,0.2,0.1,0.3,.052,,2.4,-0.5,1.9,0.3
332,Craig Porter Jr.,PG,24,CLE,8,43,14.2,.643,.300,.200,0.0,12.8,6.7,20.1,0.0,8.6,21.6,14.1,,0.0,0.1,0.1,.111,,0.4,0.8,1.2,0.0
333,Kevin Porter Jr.,SG,24,LAC,12,187,7.6,.431,.287,.170,4.2,18.5,11.3,25.5,2.1,1.1,21.1,29.5,,-0.7,0.3,-0.4,-0.101,,-6.4,-0.9,-7.3,-0.2
334,Michael Porter Jr.,SF,26,DEN,10,368,15.6,.601,.539,.142,3.8,16.9,10.4,11.3,1.4,1.2,6.8,18.3,,0.7,0.3,0.9,.120,,2.0,-1.2,0.8,0.3
335,Bobby Portis,PF,29,MIL,11,269,15.1,.504,.272,.081,9.8,26.2,18.1,4.9,0.9,2.1,9.6,25.4,,-0.2,0.3,0.1,.025,,-2.0,-2.7,-4.7,-0.2
336,Dwight Powell,C,33,DAL,9,84,14.7,.836,.000,2.000,9.0,17.4,13.3,7.2,1.7,4.4,18.6,8.3,,0.2,0.1,0.4,.204,,-1.5,2.1,0.6,0.1
337,Norman Powell,SG,31,LAC,12,412,20.2,.656,.475,.265,1.1,10.0,5.5,13.2,1.8,0.7,10.6,26.6,,1.0,0.4,1.4,.167,,4.7,-0.1,4.7,0.7
338,Taurean Prince,PF,30,MIL,12,357,10.7,.651,.618,.000,3.1,17.3,10.3,9.2,1.4,0.3,13.6,10.8,,0.4,0.3,0.7,.090,,-1.1,-0.3,-1.4,0.1
339,Payton Pritchard,SG,27,BOS,13,371,18.6,.674,.807,.179,3.3,7.7,5.5,15.4,2.1,0.2,9.8,20.2,,1.1,0.4,1.5,.195,,3.6,0.2,3.8,0.5
340,Olivier-Maxence Prosper,PF,22,DAL,7,44,-0.4,.308,.154,.000,9.8,2.4,6.0,0.0,0.0,0.0,7.1,13.7,,-0.1,0.0,-0.1,-0.090,,-9.0,-4.7,-13.7,-0.1
Rk,Player,Pos,Age,Tm,G,MP,PER,TS%,3PAr,FTr,ORB%,DRB%,TRB%,AST%,STL%,BLK%,TOV%,USG%,,OWS,DWS,WS,WS/48,,OBPM,DBPM,BPM,VORP
341,Trevelin Queen,SG,27,ORL,2,5,-4.4,.500,.333,.000,0.0,0.0,0.0,0.0,0.0,0.0,25.0,34.2,,0.0,0.0,0.0,-0.269,,-9.6,-6.1,-15.7,0.0
342,Neemias Queta,C,25,BOS,12,214,15.4,.660,.020,.240,12.1,21.4,16.7,4.0,0.5,4.3,12.6,12.8,,0.5,0.3,0.7,.168,,-1.3,0.1,-1.2,0.0
343,Immanuel Quickley,PG,25,TOR,3,68,14.5,.500,.381,.214,1.6,8.5,5.0,27.9,1.4,0.0,8.0,30.1,,0.1,0.0,0.1,.040,,1.1,-2.3,-1.2,0.0
344,Lester Quiñones,SG,24,PHI,2,5,40.0,.615,.500,.500,41.8,25.4,34.4,35.5,0.0,0.0,0.0,21.3,,0.0,0.0,0.0,.450,,14.8,0.8,15.6,0.0
345,Julius Randle,PF,30,MIN,12,401,18.3,.620,.299,.383,7.7,16.1,12.0,20.0,0.8,0.2,14.8,24.7,,0.9,0.4,1.3,.152,,1.7,-1.0,0.6,0.3
346,Duop Reath,C,28,POR,7,28,1.6,.308,.692,.000,7.3,8.1,7.7,10.1,0.0,3.6,7.1,20.5,,-0.1,0.0,-0.1,-0.128,,-5.1,-2.9,-8.1,0.0
347,Austin Reaves,SG,26,LAL,11,379,16.5,.607,.560,.287,2.8,11.3,7.1,22.5,1.9,0.9,13.3,22.1,,0.6,0.2,0.8,.102,,1.4,-0.7,0.8,0.3
348,Cam Reddish,SF,25,LAL,6,128,12.6,.804,.412,.471,3.7,15.0,9.4,5.0,2.6,1.4,12.8,7.9,,0.2,0.1,0.3,.120,,-0.5,1.1,0.6,0.1
349,Paul Reed,PF,25,DET,6,62,15.5,.684,.105,.263,7.3,10.5,8.9,7.6,3.2,6.0,22.1,18.8,,0.0,0.1,0.2,.121,,-4.0,3.1,-1.0,0.0
350,Alex Reese,PF,25,OKC,1,2,54.3,1.000,.000,.000,52.7,0.0,26.1,0.0,0.0,0.0,0.0,21.2,,0.0,0.0,0.0,.612,,22.3,-3.6,18.6,0.0
351,Antonio Reeves,SG,24,NOP,7,45,5.2,.368,.579,.000,0.0,15.7,7.6,3.3,3.3,0.0,5.0,18.9,,-0.1,0.0,-0.1,-0.085,,-6.2,-0.8,-7.0,-0.1
352,Naz Reid,C,25,MIN,12,300,19.7,.687,.525,.221,3.2,21.2,12.4,10.8,1.0,1.8,8.9,21.2,,0.9,0.4,1.3,.200,,3.3,0.2,3.5,0.4
353,Jared Rhoden,SG,25,CHO,3,10,13.4,.286,.286,.000,10.9,22.3,16.5,33.3,4.9,0.0,0.0,29.5,,0.0,0.0,0.0,-0.045,,-2.0,1.7,-0.4,0.0
354,Nick Richards,C,27,CHO,5,137,20.9,.644,.030,.667,15.8,24.4,20.1,10.1,0.7,8.5,14.1,15.3,,0.3,0.2,0.5,.191,,-0.2,0.3,0.1,0.1
355,Josh Richardson,SG,31,MIA,5,86,4.1,.407,.500,.100,6.2,5.0,5.6,9.4,3.5,0.0,22.3,13.6,,-0.1,0.1,-0.1,-0.035,,-8.0,0.2,-7.9,-0.1
356,Zaccharie Risacher,SF,19,ATL,12,322,9.7,.457,.445,.270,6.7,9.9,8.2,6.5,1.9,3.5,8.4,21.3,,-0.3,0.1,-0.2,-0.025,,-3.9,-2.3,-6.2,-0.3
357,Liam Robbins,C,25,MIL,3,17,8.3,.525,.333,1.333,12.9,6.3,9.5,0.0,0.0,0.0,0.0,12.3,,0.0,0.0,0.0,.063,,-4.3,-3.6,-7.9,0.0
358,Duncan Robinson,SF,30,MIA,9,167,11.2,.513,.709,.000,1.3,11.0,6.1,12.3,1.5,1.8,6.0,21.8,,0.0,0.1,0.1,.032,,-1.2,-2.2,-3.4,-0.1
359,Jeremiah Robinson-Earl,PF,24,NOP,12,217,12.9,.578,.383,.217,11.7,10.8,11.3,6.7,1.6,0.4,13.2,14.8,,0.3,0.0,0.3,.065,,-0.6,-2.4,-3.0,-0.1
360,David Roddy,PF,23,ATL,10,188,13.2,.698,.488,.302,2.3,21.1,11.4,13.5,1.5,1.1,19.8,13.3,,0.2,0.1,0.3,.079,,-0.4,-0.3,-0.7,0.1
Rk,Player,Pos,Age,Tm,G,MP,PER,TS%,3PAr,FTr,ORB%,DRB%,TRB%,AST%,STL%,BLK%,TOV%,USG%,,OWS,DWS,WS,WS/48,,OBPM,DBPM,BPM,VORP
361,Ryan Rollins,PG,22,MIL,9,68,17.0,.586,.478,.174,4.8,12.5,8.7,19.2,5.0,5.7,22.0,20.5,,0.0,0.1,0.1,.100,,0.3,5.2,5.5,0.1
362,Terry Rozier,PG,30,MIA,10,331,11.1,.519,.521,.190,1.3,13.1,7.2,18.4,1.3,1.2,13.2,19.8,,0.0,0.2,0.2,.034,,-2.1,-1.4,-3.5,-0.1
363,Rayan Rupert,SG,20,POR,12,130,11.4,.595,.444,.167,6.3,10.5,8.3,3.4,2.2,0.8,13.4,14.1,,0.1,0.1,0.2,.066,,-2.1,-0.4,-2.5,0.0
364,D'Angelo Russell,PG,28,LAL,11,313,11.7,.524,.549,.164,1.5,7.2,4.4,23.4,1.4,0.3,11.5,20.3,,0.2,0.1,0.2,.037,,-1.4,-2.0,-3.4,-0.1
365,Matt Ryan,SF,27,NYK,3,20,-3.5,.250,.667,.000,0.0,0.0,0.0,0.0,0.0,0.0,0.0,13.2,,-0.1,0.0,-0.1,-0.159,,-7.5,-5.4,-12.8,-0.1
366,Domantas Sabonis,C,28,SAC,12,434,23.2,.721,.191,.397,9.6,29.1,19.8,27.9,0.9,0.7,19.5,20.7,,1.6,0.6,2.2,.240,,4.2,1.3,5.5,0.8
367,Tidjane Salaün,PF,19,CHO,9,155,2.7,.323,.675,.100,5.6,20.1,12.8,7.9,0.9,0.0,16.1,13.5,,-0.3,0.1,-0.2,-0.067,,-6.3,-1.4,-7.8,-0.2
368,Adama Sanogo,C,22,CHI,3,14,12.3,.600,.000,.000,15.0,0.0,7.4,10.9,0.0,0.0,16.7,17.7,,0.0,0.0,0.0,.044,,-0.4,-1.9,-2.2,0.0
369,Gui Santos,PF,22,GSW,5,20,8.6,.773,.667,.667,5.2,20.7,13.0,12.3,0.0,0.0,34.0,12.2,,0.0,0.0,0.0,.078,,-4.9,-0.8,-5.7,0.0
370,Dario Šarić,PF,30,DEN,5,44,-1.7,.194,.250,.167,9.9,9.9,9.9,2.7,1.1,0.0,13.4,14.2,,-0.2,0.0,-0.1,-0.152,,-9.3,-5.2,-14.5,-0.1
371,Alex Sarr,PF,19,WAS,10,253,11.2,.422,.471,.235,7.1,17.5,12.2,12.4,1.1,8.3,8.9,20.2,,-0.3,0.1,-0.2,-0.029,,-4.1,-0.5,-4.5,-0.2
372,Marcus Sasser,PG,24,DET,5,50,14.1,.759,.333,.222,2.3,2.2,2.2,11.2,2.0,1.9,9.2,9.3,,0.1,0.0,0.2,.158,,-0.8,0.5,-0.3,0.0
373,Baylor Scheierman,SG,24,BOS,3,18,0.7,.291,.667,.333,6.3,19.0,12.6,0.0,0.0,0.0,0.0,16.5,,0.0,0.0,0.0,-0.071,,-10.3,-2.7,-13.0,-0.1
374,Dennis Schröder,PG,31,BRK,12,415,17.5,.634,.473,.236,0.6,10.0,5.2,27.7,1.9,0.0,13.7,22.6,,0.9,0.2,1.1,.131,,2.3,-0.4,1.9,0.4
375,Alperen Sengun,C,22,HOU,12,345,23.7,.530,.103,.286,13.4,28.5,20.8,22.8,1.6,4.7,11.7,26.6,,0.6,0.8,1.4,.197,,3.8,2.7,6.5,0.7
376,Brice Sensabaugh,SF,21,UTA,9,113,9.3,.606,.647,.265,5.7,10.3,8.0,5.6,1.3,0.0,22.5,18.0,,-0.1,0.0,0.0,-0.020,,-2.1,-2.3,-4.4,-0.1
377,Collin Sexton,SG,26,UTA,10,263,13.9,.583,.292,.434,2.0,8.9,5.5,20.6,1.6,0.7,16.2,25.3,,0.2,0.0,0.2,.040,,-1.6,-1.6,-3.3,-0.1
378,Terrence Shannon Jr.,SG,24,MIN,4,15,13.8,.667,.333,.000,0.0,0.0,0.0,19.0,6.5,5.9,40.0,14.4,,0.0,0.0,0.0,.051,,-2.3,5.7,3.4,0.0
379,Shaedon Sharpe,SG,21,POR,5,129,13.5,.541,.431,.185,4.0,9.7,6.7,9.3,1.1,0.8,10.2,24.9,,0.0,0.1,0.1,.030,,-1.0,-1.9,-2.9,0.0
380,Jamal Shead,PG,22,TOR,12,190,6.3,.452,.355,.161,0.6,6.1,3.3,30.3,1.3,1.0,23.1,18.6,,-0.2,0.0,-0.3,-0.064,,-5.2,-3.0,-8.2,-0.3
Rk,Player,Pos,Age,Tm,G,MP,PER,TS%,3PAr,FTr,ORB%,DRB%,TRB%,AST%,STL%,BLK%,TOV%,USG%,,OWS,DWS,WS,WS/48,,OBPM,DBPM,BPM,VORP
381,Ben Sheppard,SG,23,IND,11,217,8.1,.593,.704,.000,2.7,8.6,5.8,7.4,0.7,1.3,6.9,11.7,,0.2,0.0,0.2,.050,,-2.0,-1.2,-3.1,-0.1
382,Reed Sheppard,SG,20,HOU,12,143,9.5,.512,.500,.000,3.5,8.2,5.8,18.3,1.4,0.6,16.0,14.4,,0.1,0.2,0.2,.077,,-2.3,0.4,-1.9,0.0
383,Pascal Siakam,PF,30,IND,11,374,20.8,.654,.335,.203,6.0,15.6,11.0,20.0,1.0,0.5,8.0,22.0,,1.2,0.2,1.3,.173,,4.9,-0.8,4.1,0.6
384,Ben Simmons,PG,28,BRK,8,196,13.2,.632,.000,.108,4.7,24.3,14.3,41.8,1.8,2.0,40.1,14.7,,0.1,0.2,0.3,.079,,-2.1,2.6,0.5,0.1
385,Anfernee Simons,SG,25,POR,12,357,11.5,.503,.489,.202,0.6,7.0,3.6,22.8,1.2,0.3,13.0,25.6,,-0.1,0.1,0.0,.002,,-1.0,-2.4,-3.4,-0.1
386,KJ Simpson,PG,22,CHO,1,7,22.1,.500,.500,.000,31.0,15.9,23.5,21.7,0.0,0.0,0.0,12.0,,0.0,0.0,0.0,.221,,6.4,-1.4,5.1,0.0
387,Jericho Sims,C,26,NYK,11,138,8.4,.643,.000,.200,14.5,19.4,16.9,5.1,0.7,2.9,39.1,5.7,,0.1,0.1,0.2,.073,,-3.6,-0.6,-4.2,-0.1
388,Marcus Smart,PG,30,MEM,6,122,9.5,.454,.564,.487,5.6,5.8,5.7,19.6,2.7,3.2,18.8,19.3,,-0.1,0.2,0.1,.043,,-3.7,-0.1,-3.8,-0.1
389,Dru Smith,SG,27,MIA,4,28,7.2,.333,.167,.000,7.6,19.4,13.5,9.6,0.0,14.1,25.0,12.4,,-0.1,0.0,0.0,-0.037,,-6.0,1.4,-4.7,0.0
390,Jabari Smith Jr.,PF,21,HOU,12,338,11.2,.499,.496,.265,8.4,16.4,12.3,3.7,0.6,1.6,7.3,16.6,,0.3,0.5,0.7,.105,,-1.6,-0.7,-2.3,0.0
391,Jalen Smith,PF,24,CHI,10,145,16.2,.575,.571,.238,10.1,26.3,18.3,6.1,1.6,1.8,9.1,21.9,,0.2,0.2,0.3,.104,,-0.8,-1.7,-2.5,0.0
392,Nick Smith Jr.,SG,20,CHO,4,21,1.7,.350,.500,.000,0.0,5.3,2.6,7.2,2.3,0.0,9.1,22.1,,-0.1,0.0,-0.1,-0.133,,-7.9,-2.2,-10.2,0.0
393,Tyler Smith,PF,20,MIL,8,29,21.6,.776,.583,.167,3.8,18.4,11.2,0.0,0.0,6.6,13.4,22.5,,0.1,0.0,0.1,.139,,3.5,0.7,4.3,0.0
394,Jeremy Sochan,PF,21,SAS,7,205,16.3,.557,.140,.291,9.7,18.9,14.5,16.6,1.7,1.3,14.2,23.9,,0.1,0.3,0.4,.096,,-0.2,0.5,0.3,0.1
395,Pat Spencer,PG,28,GSW,3,5,26.9,.667,.000,.000,0.0,0.0,0.0,38.9,0.0,0.0,0.0,24.9,,0.0,0.0,0.0,.256,,4.8,-1.9,2.8,0.0
396,Jaden Springer,PG,22,BOS,4,16,6.9,.255,.400,.400,14.1,14.3,14.2,7.9,6.1,0.0,14.5,18.6,,-0.1,0.0,0.0,-0.050,,-8.6,3.4,-5.2,0.0
397,Isaiah Stewart,C,23,DET,13,285,16.5,.636,.089,.375,14.8,21.3,18.1,12.7,1.2,5.2,17.7,11.9,,0.6,0.4,1.0,.177,,-1.0,2.2,1.2,0.2
398,Julian Strawther,SG,22,DEN,10,214,11.0,.581,.493,.219,2.5,7.7,5.1,9.8,2.2,1.7,13.0,18.0,,0.1,0.1,0.3,.059,,-2.8,-0.7,-3.5,-0.1
399,Jalen Suggs,SG,23,ORL,13,387,14.3,.545,.537,.210,1.6,17.2,9.1,22.0,2.6,3.5,17.3,23.6,,-0.2,0.9,0.7,.087,,-1.1,2.4,1.3,0.3
400,Jae'Sean Tate,SF,29,HOU,4,15,18.4,.515,.167,.667,13.4,42.7,27.7,20.5,3.3,0.0,20.5,26.8,,0.0,0.0,0.0,.108,,-3.0,3.0,-0.1,0.0
Rk,Player,Pos,Age,Tm,G,MP,PER,TS%,3PAr,FTr,ORB%,DRB%,TRB%,AST%,STL%,BLK%,TOV%,USG%,,OWS,DWS,WS,WS/48,,OBPM,DBPM,BPM,VORP
401,Jayson Tatum,SF,26,BOS,13,469,25.8,.628,.548,.444,1.4,22.7,12.0,26.3,2.0,1.6,10.9,32.3,,1.6,0.7,2.4,.244,,6.8,1.3,8.2,1.2
402,Garrett Temple,SG,38,TOR,3,11,10.2,.333,.333,.000,10.0,0.0,5.1,23.4,4.4,0.0,0.0,11.2,,0.0,0.0,0.0,.058,,-3.7,1.7,-2.0,0.0
403,Dalen Terry,SG,22,CHI,12,153,10.4,.563,.306,.472,7.5,8.8,8.2,9.5,1.8,2.8,18.7,14.5,,0.1,0.1,0.2,.055,,-3.5,-0.4,-3.9,-0.1
404,Daniel Theis,C,32,NOP,11,157,10.7,.506,.278,.222,5.6,23.2,14.1,13.4,0.9,4.1,16.8,12.9,,0.0,0.1,0.1,.031,,-3.9,-0.6,-4.5,-0.1
405,Cam Thomas,SG,23,BRK,12,407,16.1,.576,.407,.338,1.1,10.8,5.9,15.6,1.2,0.0,11.7,30.7,,0.3,0.2,0.5,.057,,0.7,-2.1,-1.4,0.1
406,Amen Thompson,SF,22,HOU,12,303,17.2,.602,.169,.506,7.7,19.4,13.4,11.4,2.1,2.7,14.9,17.3,,0.5,0.6,1.1,.170,,0.3,2.4,2.6,0.4
407,Klay Thompson,SG,34,DAL,11,335,12.5,.560,.676,.065,1.9,10.9,6.5,9.5,0.9,0.6,6.5,19.7,,0.3,0.2,0.5,.076,,0.7,-1.7,-1.0,0.1
408,Tristan Thompson,PF,33,CLE,5,26,6.7,.543,.000,.714,0.0,21.1,11.0,5.1,0.0,0.0,17.9,18.8,,-0.1,0.0,0.0,-0.062,,-5.3,-2.9,-8.2,0.0
409,Xavier Tillman Sr.,PF,26,BOS,10,94,4.6,.326,.609,.000,7.2,17.0,12.1,8.1,1.6,0.0,11.5,12.0,,-0.1,0.1,0.0,-0.001,,-5.5,-0.9,-6.4,-0.1
410,Jacob Toppin,SF,24,NYK,3,10,8.1,.500,.500,.000,0.0,11.6,5.8,12.5,0.0,0.0,0.0,8.8,,0.0,0.0,0.0,.050,,-2.6,-2.1,-4.8,0.0
411,Obi Toppin,PF,26,IND,10,206,13.9,.613,.435,.210,5.8,11.2,8.6,11.0,1.2,1.8,10.6,16.1,,0.3,0.1,0.4,.093,,0.5,-0.9,-0.4,0.1
412,Karl-Anthony Towns,C,29,NYK,11,373,27.7,.652,.301,.316,10.4,31.5,21.0,13.0,1.2,2.4,9.0,29.0,,1.5,0.4,1.9,.244,,6.2,-0.6,5.6,0.7
413,Luke Travers,SG,23,CLE,2,7,38.1,1.064,.000,2.000,17.1,31.4,24.6,35.5,0.0,13.2,0.0,11.8,,0.1,0.0,0.1,.682,,7.1,8.9,16.0,0.0
414,Gary Trent Jr.,SG,26,MIL,10,255,4.3,.447,.634,.197,0.0,6.7,3.4,5.2,1.5,0.0,8.3,14.5,,-0.3,0.1,-0.1,-0.028,,-6.4,-1.3,-7.8,-0.4
415,Myles Turner,C,28,IND,10,326,12.9,.571,.419,.318,2.9,20.3,11.9,6.3,1.5,5.1,16.0,23.6,,-0.3,0.4,0.1,.015,,-2.6,-0.6,-3.2,-0.1
416,Hunter Tyson,PF,24,DEN,6,76,7.7,.628,.462,.231,2.9,15.8,9.3,6.7,1.3,1.2,17.3,9.5,,0.1,0.0,0.1,.062,,-4.5,-0.5,-4.9,-0.1
417,Jaylon Tyson,SG,22,CLE,5,25,-3.4,.509,.667,.333,0.0,17.6,9.2,9.2,0.0,0.0,36.8,19.0,,-0.1,0.0,-0.1,-0.138,,-11.9,-3.3,-15.1,-0.1
418,Stanley Umude,SG,25,MIL,3,14,7.2,.387,1.000,.667,0.0,15.2,7.7,9.3,0.0,6.9,0.0,12.1,,0.0,0.0,0.0,-0.010,,-1.7,0.3,-1.4,0.0
419,Jonas Valančiūnas,C,32,WAS,10,207,23.4,.639,.045,.295,12.8,27.6,20.1,20.4,1.1,3.1,14.6,23.3,,0.5,0.1,0.7,.151,,2.8,-0.6,2.2,0.2
420,Fred VanVleet,PG,30,HOU,11,390,13.1,.476,.545,.182,2.3,9.6,5.9,22.6,2.4,1.1,7.2,17.5,,0.4,0.6,1.0,.126,,-0.8,1.8,1.0,0.3
Rk,Player,Pos,Age,Tm,G,MP,PER,TS%,3PAr,FTr,ORB%,DRB%,TRB%,AST%,STL%,BLK%,TOV%,USG%,,OWS,DWS,WS,WS/48,,OBPM,DBPM,BPM,VORP
421,Devin Vassell,SG,24,SAS,3,68,17.4,.612,.528,.306,1.7,6.2,4.1,22.2,0.7,1.3,14.6,30.6,,0.1,0.0,0.1,.101,,0.4,-3.1,-2.7,0.0
422,Gabe Vincent,PG,28,LAL,11,194,-0.6,.327,.625,.042,1.2,4.1,2.7,3.2,1.5,0.0,12.5,12.4,,-0.5,0.0,-0.5,-0.115,,-9.2,-2.5,-11.6,-0.5
423,Nikola Vučević,C,34,CHI,12,389,22.7,.676,.287,.164,8.3,24.1,16.3,16.1,1.1,2.2,10.3,21.7,,1.2,0.4,1.5,.189,,4.0,0.0,3.9,0.6
424,Dean Wade,PF,28,CLE,11,242,11.1,.539,.815,.185,3.5,18.2,11.1,9.2,2.0,1.5,3.3,10.9,,0.3,0.4,0.6,.123,,-0.3,1.2,0.8,0.2
425,Franz Wagner,SF,23,ORL,13,388,21.2,.563,.311,.240,3.8,16.0,9.6,30.0,2.4,0.7,10.1,30.5,,0.5,0.7,1.3,.160,,3.2,1.5,4.7,0.7
426,Moritz Wagner,C,27,ORL,13,241,18.0,.650,.350,.495,4.4,23.3,13.4,8.0,1.8,1.2,17.2,26.8,,0.2,0.5,0.7,.136,,-0.9,0.9,0.0,0.1
427,Jabari Walker,SF,22,POR,11,92,10.2,.508,.333,.296,10.0,23.4,16.4,4.7,1.0,1.1,14.1,15.8,,0.0,0.1,0.1,.047,,-4.1,-1.3,-5.4,-0.1
428,Jarace Walker,PF,21,IND,11,160,13.8,.579,.468,.149,3.7,17.9,11.1,10.3,4.3,1.7,15.2,16.2,,0.0,0.2,0.3,.080,,-1.0,2.4,1.4,0.1
429,Cason Wallace,SG,21,OKC,12,300,9.5,.463,.400,.035,3.2,10.3,6.8,7.7,3.3,1.6,7.5,13.2,,-0.1,0.7,0.6,.089,,-3.9,2.5,-1.4,0.0
430,Keaton Wallace,PG,25,ATL,10,163,9.7,.531,.451,.078,0.7,9.0,4.7,14.9,2.3,3.1,17.3,16.1,,-0.1,0.1,0.0,-0.004,,-3.4,-0.2,-3.6,-0.1
431,Jordan Walsh,SF,20,BOS,11,101,3.4,.352,.778,.056,2.2,9.0,5.6,2.5,1.9,2.7,9.8,8.7,,-0.1,0.1,0.0,.001,,-5.5,0.8,-4.7,-0.1
432,Ja'Kobe Walter,SG,20,TOR,4,49,2.0,.275,.375,.313,9.0,16.4,12.6,7.6,0.0,1.9,0.0,15.2,,-0.1,0.0,-0.1,-0.077,,-8.0,-3.9,-11.9,-0.1
433,Kel'el Ware,C,20,MIA,6,43,9.6,.500,.278,.000,0.0,20.2,10.0,0.0,2.3,9.2,14.3,21.2,,-0.1,0.1,0.0,-0.034,,-6.7,0.4,-6.4,0.0
434,P.J. Washington,PF,26,DAL,7,228,10.9,.475,.470,.121,5.7,19.3,12.6,5.7,2.3,3.7,10.3,14.7,,-0.1,0.4,0.3,.056,,-2.8,0.9,-1.9,0.0
435,TyTy Washington Jr.,PG,23,PHO,1,16,15.1,.667,.500,.000,0.0,6.8,3.4,9.8,0.0,0.0,0.0,16.6,,0.0,0.0,0.0,.114,,1.6,-2.9,-1.2,0.0
436,Lindy Waters III,SG,27,GSW,9,123,14.0,.610,.667,.056,3.4,10.9,7.2,13.6,1.2,0.8,0.0,12.5,,0.3,0.1,0.5,.181,,-0.1,0.2,0.1,0.1
437,Peyton Watson,SG,22,DEN,10,232,11.1,.518,.324,.324,5.2,9.4,7.3,5.7,1.9,3.9,6.9,15.7,,0.2,0.2,0.3,.070,,-2.3,-0.9,-3.2,-0.1
438,Jaylen Wells,SF,21,MEM,12,311,9.7,.542,.474,.193,3.3,9.8,6.7,8.4,0.6,0.9,9.5,17.8,,0.1,0.3,0.4,.067,,-1.9,-1.6,-3.5,-0.1
439,Victor Wembanyama,PF,21,SAS,12,376,24.5,.594,.485,.230,7.8,27.1,17.9,14.8,2.1,11.2,15.4,30.7,,0.2,0.9,1.1,.146,,2.8,2.7,5.5,0.7
440,Blake Wesley,SG,21,SAS,11,127,9.5,.545,.220,.220,1.8,4.1,3.0,23.4,1.9,0.0,22.4,19.8,,-0.1,0.1,0.0,.011,,-3.7,-1.4,-5.1,-0.1
Rk,Player,Pos,Age,Tm,G,MP,PER,TS%,3PAr,FTr,ORB%,DRB%,TRB%,AST%,STL%,BLK%,TOV%,USG%,,OWS,DWS,WS,WS/48,,OBPM,DBPM,BPM,VORP
441,Russell Westbrook,PG,36,DEN,10,246,13.2,.476,.344,.490,4.4,13.8,9.1,29.7,2.9,2.2,17.6,24.1,,-0.1,0.3,0.2,.041,,-2.3,0.0,-2.3,0.0
442,Coby White,PG,24,CHI,12,405,14.8,.594,.615,.251,0.5,10.5,5.5,21.9,2.0,0.4,15.0,23.9,,0.3,0.3,0.6,.071,,-0.2,-1.0,-1.1,0.1
443,Derrick White,SG,30,BOS,13,439,19.3,.645,.672,.186,3.6,11.4,7.5,19.3,1.3,2.9,9.5,20.8,,1.3,0.5,1.9,.203,,4.2,0.6,4.9,0.8
444,Cam Whitmore,SF,20,HOU,7,74,9.9,.436,.409,.273,5.5,10.1,7.7,6.5,0.7,1.2,5.7,29.1,,-0.1,0.1,0.0,.004,,-4.2,-2.3,-6.5,-0.1
445,Aaron Wiggins,SG,26,OKC,12,261,16.7,.585,.412,.049,6.5,13.1,9.8,14.6,1.8,1.5,8.0,18.4,,0.5,0.5,1.0,.176,,2.1,0.6,2.7,0.3
446,Andrew Wiggins,SF,29,GSW,9,246,16.5,.553,.408,.359,6.8,10.5,8.6,12.2,1.6,2.6,7.0,21.7,,0.5,0.3,0.8,.154,,1.2,-0.4,0.8,0.2
447,Brandon Williams,PG,25,DAL,3,13,2.3,.316,.400,.600,8.3,16.1,12.2,18.8,0.0,0.0,13.7,24.3,,0.0,0.0,0.0,-0.129,,-9.6,-2.8,-12.5,0.0
448,Cody Williams,SG,20,UTA,10,221,2.7,.336,.547,.151,2.9,9.1,6.0,9.1,1.3,1.2,13.7,12.3,,-0.4,0.0,-0.4,-0.084,,-6.8,-1.3,-8.1,-0.3
449,Grant Williams,PF,26,CHO,11,309,11.4,.594,.671,.268,3.5,14.0,8.7,11.8,2.4,2.2,18.6,15.4,,0.2,0.4,0.5,.081,,-2.2,1.2,-1.0,0.1
450,Jalen Williams,SG,23,OKC,12,386,22.1,.599,.295,.187,3.3,17.1,10.3,25.1,3.1,2.7,11.8,26.0,,0.7,1.0,1.7,.206,,3.4,3.0,6.4,0.8
451,Jeenathan Williams,SG,25,HOU,1,2,73.4,1.500,1.000,.000,0.0,100.0,51.9,0.0,0.0,0.0,0.0,20.6,,0.0,0.0,0.0,.504,,29.3,14.2,43.5,0.0
452,Kenrich Williams,PF,30,OKC,2,20,19.4,1.000,.600,.000,0.0,5.2,2.6,7.2,0.0,4.8,0.0,10.6,,0.1,0.0,0.1,.265,,4.3,0.9,5.2,0.0
453,Patrick Williams,PF,23,CHI,12,349,9.1,.507,.514,.178,3.9,15.7,9.8,8.7,1.8,1.7,16.0,16.3,,-0.2,0.3,0.1,.009,,-3.1,-0.6,-3.7,-0.2
454,Robert Williams,C,27,POR,3,54,35.7,.849,.105,.263,7.6,27.3,16.9,17.2,4.4,9.3,12.4,18.4,,0.3,0.1,0.4,.354,,8.6,5.9,14.5,0.2
455,Ziaire Williams,SF,23,BRK,12,254,14.3,.566,.421,.221,6.4,19.7,12.9,7.4,2.3,1.9,10.3,20.3,,0.2,0.3,0.5,.086,,-1.7,0.3,-1.4,0.0
456,Zion Williamson,PF,24,NOP,6,186,20.1,.521,.058,.577,9.5,20.2,14.7,30.7,1.1,3.5,14.4,34.8,,0.1,0.1,0.1,.038,,0.6,-1.6,-0.9,0.1
457,Jalen Wilson,PF,24,BRK,12,262,11.5,.559,.487,.333,5.8,12.6,9.1,14.5,0.8,0.0,11.8,17.2,,0.3,0.1,0.4,.074,,-1.3,-1.3,-2.6,0.0
458,James Wiseman,C,23,IND,1,5,32.6,.615,.250,.500,0.0,22.0,11.4,0.0,0.0,0.0,0.0,42.8,,0.0,0.0,0.0,.238,,6.2,-5.4,0.8,0.0
459,Delon Wright,PG,32,MIL,9,142,6.9,.370,.565,.000,2.3,6.0,4.2,14.3,3.1,1.4,14.8,8.3,,-0.1,0.1,0.1,.024,,-5.3,1.5,-3.8,-0.1
460,Guerschon Yabusele,PF,29,PHI,11,242,15.4,.602,.580,.198,8.2,20.0,13.5,14.4,2.1,1.7,15.4,18.7,,0.3,0.2,0.5,.097,,-0.3,0.3,0.0,0.1
Rk,Player,Pos,Age,Tm,G,MP,PER,TS%,3PAr,FTr,ORB%,DRB%,TRB%,AST%,STL%,BLK%,TOV%,USG%,,OWS,DWS,WS,WS/48,,OBPM,DBPM,BPM,VORP
461,Trae Young,PG,26,ATL,11,402,18.8,.549,.498,.380,2.9,9.9,6.3,46.5,1.6,0.5,17.3,29.5,,0.6,0.0,0.7,.078,,3.5,-3.6,-0.2,0.2
462,Ivica Zubac,C,27,LAC,12,412,19.3,.593,.000,.329,13.5,26.3,19.9,11.4,1.1,3.4,12.8,19.6,,0.7,0.6,1.3,.155,,0.7,0.0,0.8,0.3
