GRID_TYPE,GAME_ID,GAME_EVENT_ID,PLAYER_ID,PLAYER_NAME,TEAM_ID,TEAM_NAME,PERIOD,MINUTES_REMAINING,SECONDS_REMAINING,EVENT_TYPE,ACTION_TYPE,SHOT_TYPE,SHOT_ZONE_BASIC,SHOT_ZONE_AREA,SHOT_ZONE_RANGE,SHOT_DISTANCE,LOC_X,LOC_Y,SHOT_ATTEMPTED_FLAG,SHOT_MADE_FLAG,GAME_DATE,HTM,VTM
Shot Chart Detail,0021300005,3,203487,Michael Carter-Williams,1610612755,Philadelphia 76ers,1,11,36,Made Shot,Driving Dunk Shot,2PT Field Goal,Restricted Area,Center(C),Less Than 8 ft.,1,1,-11,1,1,20131030,PHI,MIA
Shot Chart Detail,0021300005,14,203487,Michael Carter-Williams,1610612755,Philadelphia 76ers,1,10,6,Made Shot,Jump Shot,3PT Field Goal,Left Corner 3,Left Side(L),24+ ft.,24,-243,-21,1,1,20131030,PHI,MIA
Shot Chart Detail,0021300005,164,203487,Michael Carter-Williams,1610612755,Philadelphia 76ers,2,6,10,Made Shot,Jump Shot,3PT Field Goal,Above the Break 3,Left Side Center(LC),24+ ft.,25,-149,208,1,1,20131030,PHI,MIA
Shot Chart Detail,0021300005,208,203487,Michael Carter-Williams,1610612755,Philadelphia 76ers,2,0,43,Made Shot,Layup Shot,2PT Field Goal,Restricted Area,Center(C),Less Than 8 ft.,1,-2,11,1,1,20131030,PHI,MIA
Shot Chart Detail,0021300005,256,203487,Michael Carter-Williams,1610612755,Philadelphia 76ers,3,7,55,Made Shot,Jump Shot,3PT Field Goal,Above the Break 3,Left Side Center(LC),24+ ft.,26,-185,183,1,1,20131030,PHI,MIA
Shot Chart Detail,0021300005,275,203487,Michael Carter-Williams,1610612755,Philadelphia 76ers,3,6,41,Made Shot,Jump Shot,3PT Field Goal,Above the Break 3,Left Side Center(LC),24+ ft.,28,-207,190,1,1,20131030,PHI,MIA
Shot Chart Detail,0021300022,219,203487,Michael Carter-Williams,1610612755,Philadelphia 76ers,2,5,41,Made Shot,Running Layup Shot,2PT Field Goal,Restricted Area,Center(C),Less Than 8 ft.,2,9,25,1,1,20131101,WAS,PHI
Shot Chart Detail,0021300022,308,203487,Michael Carter-Williams,1610612755,Philadelphia 76ers,3,11,10,Made Shot,Alley Oop Layup shot,2PT Field Goal,Restricted Area,Center(C),Less Than 8 ft.,0,7,4,1,1,20131101,WAS,PHI
Shot Chart Detail,0021300022,370,203487,Michael Carter-Williams,1610612755,Philadelphia 76ers,3,5,7,Made Shot,Layup Shot,2PT Field Goal,Restricted Area,Center(C),Less Than 8 ft.,2,-24,4,1,1,20131101,WAS,PHI
Shot Chart Detail,0021300022,372,203487,Michael Carter-Williams,1610612755,Philadelphia 76ers,3,4,38,Made Shot,Pullup Jump shot,3PT Field Goal,Above the Break 3,Center(C),24+ ft.,26,-64,260,1,1,20131101,WAS,PHI
Shot Chart Detail,0021300022,473,203487,Michael Carter-Williams,1610612755,Philadelphia 76ers,4,6,28,Made Shot,Step Back Jump shot,3PT Field Goal,Above the Break 3,Left Side Center(LC),24+ ft.,25,-136,214,1,1,20131101,WAS,PHI
Shot Chart Detail,0021300022,488,203487,Michael Carter-Williams,1610612755,Philadelphia 76ers,4,5,23,Made Shot,Running Jump Shot,2PT Field Goal,In The Paint (Non-RA),Left Side(L),8-16 ft.,10,-60,82,1,1,20131101,WAS,PHI
Shot Chart Detail,0021300034,26,203487,Michael Carter-Williams,1610612755,Philadelphia 76ers,1,8,10,Made Shot,Driving Layup Shot,2PT Field Goal,Restricted Area,Center(C),Less Than 8 ft.,1,-15,1,1,1,20131102,PHI,CHI
Shot Chart Detail,0021300034,221,203487,Michael Carter-Williams,1610612755,Philadelphia 76ers,2,1,27,Made Shot,Driving Layup Shot,2PT Field Goal,Restricted Area,Center(C),Less Than 8 ft.,1,-16,1,1,1,20131102,PHI,CHI
Shot Chart Detail,0021300034,237,203487,Michael Carter-Williams,1610612755,Philadelphia 76ers,2,0,8,Made Shot,Pullup Jump shot,2PT Field Goal,Mid-Range,Left Side(L),8-16 ft.,15,-108,118,1,1,20131102,PHI,CHI
Shot Chart Detail,0021300034,286,203487,Michael Carter-Williams,1610612755,Philadelphia 76ers,3,8,11,Made Shot,Jump Shot,3PT Field Goal,Left Corner 3,Left Side(L),24+ ft.,24,-240,-27,1,1,20131102,PHI,CHI
Shot Chart Detail,0021300034,297,203487,Michael Carter-Williams,1610612755,Philadelphia 76ers,3,7,13,Made Shot,Jump Shot,3PT Field Goal,Above the Break 3,Right Side Center(RC),24+ ft.,25,193,162,1,1,20131102,PHI,CHI
Shot Chart Detail,0021300034,305,203487,Michael Carter-Williams,1610612755,Philadelphia 76ers,3,6,32,Made Shot,Pullup Bank shot,2PT Field Goal,In The Paint (Non-RA),Center(C),Less Than 8 ft.,6,-59,20,1,1,20131102,PHI,CHI
Shot Chart Detail,0021300034,324,203487,Michael Carter-Williams,1610612755,Philadelphia 76ers,3,4,51,Made Shot,Driving Finger Roll Layup Shot,2PT Field Goal,Restricted Area,Center(C),Less Than 8 ft.,2,-21,15,1,1,20131102,PHI,CHI
Shot Chart Detail,0021300034,348,203487,Michael Carter-Williams,1610612755,Philadelphia 76ers,3,2,48,Made Shot,Putback Layup Shot,2PT Field Goal,Restricted Area,Center(C),Less Than 8 ft.,0,1,0,1,1,20131102,PHI,CHI
Shot Chart Detail,0021300034,439,203487,Michael Carter-Williams,1610612755,Philadelphia 76ers,4,5,51,Made Shot,Running Jump Shot,2PT Field Goal,In The Paint (Non-RA),Center(C),Less Than 8 ft.,6,56,33,1,1,20131102,PHI,CHI
Shot Chart Detail,0021300034,463,203487,Michael Carter-Williams,1610612755,Philadelphia 76ers,4,3,30,Made Shot,Layup Shot,2PT Field Goal,Restricted Area,Center(C),Less Than 8 ft.,1,-11,4,1,1,20131102,PHI,CHI
Shot Chart Detail,0021300048,4,203487,Michael Carter-Williams,1610612755,Philadelphia 76ers,1,11,29,Made Shot,Jump Shot,2PT Field Goal,In The Paint (Non-RA),Center(C),Less Than 8 ft.,4,-5,47,1,1,20131104,PHI,GSW
Shot Chart Detail,0021300048,357,203487,Michael Carter-Williams,1610612755,Philadelphia 76ers,3,6,42,Made Shot,Driving Layup Shot,2PT Field Goal,Restricted Area,Center(C),Less Than 8 ft.,1,15,6,1,1,20131104,PHI,GSW
Shot Chart Detail,0021300048,529,203487,Michael Carter-Williams,1610612755,Philadelphia 76ers,4,4,54,Made Shot,Pullup Jump shot,2PT Field Goal,Mid-Range,Left Side(L),16-24 ft.,17,-146,102,1,1,20131104,PHI,GSW
Shot Chart Detail,0021300048,533,203487,Michael Carter-Williams,1610612755,Philadelphia 76ers,4,4,22,Made Shot,Jump Shot,3PT Field Goal,Above the Break 3,Left Side Center(LC),24+ ft.,25,-190,175,1,1,20131104,PHI,GSW
Shot Chart Detail,0021300063,30,203487,Michael Carter-Williams,1610612755,Philadelphia 76ers,1,8,15,Made Shot,Pullup Jump shot,2PT Field Goal,Mid-Range,Left Side Center(LC),16-24 ft.,18,-105,154,1,1,20131106,PHI,WAS
Shot Chart Detail,0021300063,202,203487,Michael Carter-Williams,1610612755,Philadelphia 76ers,2,4,17,Made Shot,Driving Layup Shot,2PT Field Goal,Restricted Area,Center(C),Less Than 8 ft.,1,-16,-8,1,1,20131106,PHI,WAS
Shot Chart Detail,0021300063,277,203487,Michael Carter-Williams,1610612755,Philadelphia 76ers,3,10,19,Made Shot,Jump Shot,2PT Field Goal,Mid-Range,Left Side(L),16-24 ft.,16,-153,72,1,1,20131106,PHI,WAS
Shot Chart Detail,0021300063,291,203487,Michael Carter-Williams,1610612755,Philadelphia 76ers,3,8,55,Made Shot,Layup Shot,2PT Field Goal,Restricted Area,Center(C),Less Than 8 ft.,1,-10,7,1,1,20131106,PHI,WAS
Shot Chart Detail,0021300063,338,203487,Michael Carter-Williams,1610612755,Philadelphia 76ers,3,4,20,Made Shot,Jump Shot,3PT Field Goal,Above the Break 3,Right Side Center(RC),24+ ft.,25,140,219,1,1,20131106,PHI,WAS
Shot Chart Detail,0021300063,436,203487,Michael Carter-Williams,1610612755,Philadelphia 76ers,4,8,28,Made Shot,Floating Jump shot,2PT Field Goal,Mid-Range,Left Side(L),8-16 ft.,13,-101,85,1,1,20131106,PHI,WAS
Shot Chart Detail,0021300063,438,203487,Michael Carter-Williams,1610612755,Philadelphia 76ers,4,7,48,Made Shot,Floating Jump shot,2PT Field Goal,In The Paint (Non-RA),Right Side(R),8-16 ft.,8,48,67,1,1,20131106,PHI,WAS
Shot Chart Detail,0021300063,501,203487,Michael Carter-Williams,1610612755,Philadelphia 76ers,4,1,39,Made Shot,Jump Shot,2PT Field Goal,In The Paint (Non-RA),Center(C),Less Than 8 ft.,7,-59,44,1,1,20131106,PHI,WAS
Shot Chart Detail,0021300076,167,203487,Michael Carter-Williams,1610612755,Philadelphia 76ers,2,6,38,Made Shot,Jump Shot,3PT Field Goal,Left Corner 3,Left Side(L),24+ ft.,23,-234,-6,1,1,20131108,PHI,CLE
Shot Chart Detail,0021300076,206,203487,Michael Carter-Williams,1610612755,Philadelphia 76ers,2,2,7,Made Shot,Jump Shot,3PT Field Goal,Above the Break 3,Left Side Center(LC),24+ ft.,25,-125,222,1,1,20131108,PHI,CLE
Shot Chart Detail,0021300076,414,203487,Michael Carter-Williams,1610612755,Philadelphia 76ers,4,7,17,Made Shot,Tip Shot,2PT Field Goal,Restricted Area,Center(C),Less Than 8 ft.,1,-11,11,1,1,20131108,PHI,CLE
Shot Chart Detail,0021300076,437,203487,Michael Carter-Williams,1610612755,Philadelphia 76ers,4,4,27,Made Shot,Tip Shot,2PT Field Goal,Restricted Area,Center(C),Less Than 8 ft.,0,-2,6,1,1,20131108,PHI,CLE
Shot Chart Detail,0021300088,6,203487,Michael Carter-Williams,1610612755,Philadelphia 76ers,1,10,56,Made Shot,Driving Finger Roll Layup Shot,2PT Field Goal,Restricted Area,Center(C),Less Than 8 ft.,1,-10,17,1,1,20131109,CLE,PHI
Shot Chart Detail,0021300088,243,203487,Michael Carter-Williams,1610612755,Philadelphia 76ers,2,0,4,Made Shot,Driving Layup Shot,2PT Field Goal,Restricted Area,Center(C),Less Than 8 ft.,1,-15,12,1,1,20131109,CLE,PHI
Shot Chart Detail,0021300088,314,203487,Michael Carter-Williams,1610612755,Philadelphia 76ers,3,6,20,Made Shot,Driving Finger Roll Layup Shot,2PT Field Goal,Restricted Area,Center(C),Less Than 8 ft.,1,-11,12,1,1,20131109,CLE,PHI
Shot Chart Detail,0021300088,329,203487,Michael Carter-Williams,1610612755,Philadelphia 76ers,3,5,17,Made Shot,Jump Shot,3PT Field Goal,Above the Break 3,Center(C),24+ ft.,26,-62,260,1,1,20131109,CLE,PHI
Shot Chart Detail,0021300088,459,203487,Michael Carter-Williams,1610612755,Philadelphia 76ers,4,7,11,Made Shot,Floating Jump shot,2PT Field Goal,In The Paint (Non-RA),Center(C),Less Than 8 ft.,6,32,60,1,1,20131109,CLE,PHI
Shot Chart Detail,0021300088,615,203487,Michael Carter-Williams,1610612755,Philadelphia 76ers,5,1,6,Made Shot,Jump Shot,3PT Field Goal,Left Corner 3,Left Side(L),24+ ft.,23,-231,44,1,1,20131109,CLE,PHI
Shot Chart Detail,0021300088,656,203487,Michael Carter-Williams,1610612755,Philadelphia 76ers,6,3,49,Made Shot,Floating Jump shot,2PT Field Goal,In The Paint (Non-RA),Left Side(L),8-16 ft.,9,-76,56,1,1,20131109,CLE,PHI
Shot Chart Detail,0021300088,703,203487,Michael Carter-Williams,1610612755,Philadelphia 76ers,6,0,24,Made Shot,Layup Shot,2PT Field Goal,Restricted Area,Center(C),Less Than 8 ft.,1,12,7,1,1,20131109,CLE,PHI
Shot Chart Detail,0021300088,714,203487,Michael Carter-Williams,1610612755,Philadelphia 76ers,6,0,11,Made Shot,Jump Shot,3PT Field Goal,Above the Break 3,Left Side Center(LC),24+ ft.,24,-150,198,1,1,20131109,CLE,PHI
Shot Chart Detail,0021300100,165,203487,Michael Carter-Williams,1610612755,Philadelphia 76ers,2,7,18,Made Shot,Running Bank shot,2PT Field Goal,Restricted Area,Center(C),Less Than 8 ft.,2,18,14,1,1,20131111,PHI,SAS
Shot Chart Detail,0021300100,313,203487,Michael Carter-Williams,1610612755,Philadelphia 76ers,3,1,44,Made Shot,Driving Layup Shot,2PT Field Goal,Restricted Area,Center(C),Less Than 8 ft.,2,0,23,1,1,20131111,PHI,SAS
Shot Chart Detail,0021300165,143,203487,Michael Carter-Williams,1610612755,Philadelphia 76ers,2,9,45,Made Shot,Layup Shot,2PT Field Goal,Restricted Area,Center(C),Less Than 8 ft.,2,0,23,1,1,20131120,PHI,TOR
Shot Chart Detail,0021300165,413,203487,Michael Carter-Williams,1610612755,Philadelphia 76ers,3,0,56,Made Shot,Floating Jump shot,2PT Field Goal,In The Paint (Non-RA),Center(C),Less Than 8 ft.,5,0,50,1,1,20131120,PHI,TOR
Shot Chart Detail,0021300177,39,203487,Michael Carter-Williams,1610612755,Philadelphia 76ers,1,7,57,Made Shot,Jump Shot,3PT Field Goal,Above the Break 3,Center(C),24+ ft.,26,-5,261,1,1,20131122,PHI,MIL
Shot Chart Detail,0021300177,65,203487,Michael Carter-Williams,1610612755,Philadelphia 76ers,1,4,55,Made Shot,Pullup Jump shot,2PT Field Goal,Mid-Range,Left Side Center(LC),16-24 ft.,18,-108,145,1,1,20131122,PHI,MIL
Shot Chart Detail,0021300177,194,203487,Michael Carter-Williams,1610612755,Philadelphia 76ers,2,6,49,Made Shot,Driving Layup Shot,2PT Field Goal,Restricted Area,Center(C),Less Than 8 ft.,1,-11,0,1,1,20131122,PHI,MIL
Shot Chart Detail,0021300177,200,203487,Michael Carter-Williams,1610612755,Philadelphia 76ers,2,5,52,Made Shot,Floating Jump shot,2PT Field Goal,Restricted Area,Center(C),Less Than 8 ft.,3,6,34,1,1,20131122,PHI,MIL
Shot Chart Detail,0021300188,37,203487,Michael Carter-Williams,1610612755,Philadelphia 76ers,1,8,10,Made Shot,Layup Shot,2PT Field Goal,Restricted Area,Center(C),Less Than 8 ft.,2,24,-2,1,1,20131123,IND,PHI
Shot Chart Detail,0021300188,155,203487,Michael Carter-Williams,1610612755,Philadelphia 76ers,2,11,11,Made Shot,Jump Shot,2PT Field Goal,In The Paint (Non-RA),Center(C),Less Than 8 ft.,5,-51,30,1,1,20131123,IND,PHI
Shot Chart Detail,0021300188,158,203487,Michael Carter-Williams,1610612755,Philadelphia 76ers,2,10,43,Made Shot,Pullup Jump shot,2PT Field Goal,Mid-Range,Center(C),16-24 ft.,19,9,197,1,1,20131123,IND,PHI
Shot Chart Detail,0021300188,176,203487,Michael Carter-Williams,1610612755,Philadelphia 76ers,2,9,40,Made Shot,Dunk Shot,2PT Field Goal,Restricted Area,Center(C),Less Than 8 ft.,0,-2,3,1,1,20131123,IND,PHI
Shot Chart Detail,0021300188,236,203487,Michael Carter-Williams,1610612755,Philadelphia 76ers,2,5,26,Made Shot,Putback Dunk Shot,2PT Field Goal,Restricted Area,Center(C),Less Than 8 ft.,1,4,12,1,1,20131123,IND,PHI
Shot Chart Detail,0021300188,269,203487,Michael Carter-Williams,1610612755,Philadelphia 76ers,2,3,42,Made Shot,Jump Shot,2PT Field Goal,Mid-Range,Left Side(L),8-16 ft.,13,-130,20,1,1,20131123,IND,PHI
Shot Chart Detail,0021300188,382,203487,Michael Carter-Williams,1610612755,Philadelphia 76ers,3,5,41,Made Shot,Dunk Shot,2PT Field Goal,Restricted Area,Center(C),Less Than 8 ft.,0,2,3,1,1,20131123,IND,PHI
Shot Chart Detail,0021300188,389,203487,Michael Carter-Williams,1610612755,Philadelphia 76ers,3,5,0,Made Shot,Fadeaway Jump Shot,2PT Field Goal,Mid-Range,Left Side(L),8-16 ft.,15,-95,126,1,1,20131123,IND,PHI
Shot Chart Detail,0021300188,475,203487,Michael Carter-Williams,1610612755,Philadelphia 76ers,4,8,56,Made Shot,Jump Shot,2PT Field Goal,Mid-Range,Left Side(L),8-16 ft.,8,-82,-5,1,1,20131123,IND,PHI
Shot Chart Detail,0021300188,491,203487,Michael Carter-Williams,1610612755,Philadelphia 76ers,4,7,37,Made Shot,Jump Shot,3PT Field Goal,Above the Break 3,Left Side Center(LC),24+ ft.,27,-193,192,1,1,20131123,IND,PHI
Shot Chart Detail,0021300188,589,203487,Michael Carter-Williams,1610612755,Philadelphia 76ers,4,1,43,Made Shot,Jump Shot,2PT Field Goal,In The Paint (Non-RA),Center(C),Less Than 8 ft.,5,15,58,1,1,20131123,IND,PHI
Shot Chart Detail,0021300216,2,203487,Michael Carter-Williams,1610612755,Philadelphia 76ers,1,11,42,Made Shot,Jump Shot,3PT Field Goal,Above the Break 3,Left Side Center(LC),24+ ft.,25,-158,206,1,1,20131127,ORL,PHI
Shot Chart Detail,0021300216,13,203487,Michael Carter-Williams,1610612755,Philadelphia 76ers,1,9,54,Made Shot,Driving Layup Shot,2PT Field Goal,Restricted Area,Center(C),Less Than 8 ft.,2,18,17,1,1,20131127,ORL,PHI
Shot Chart Detail,0021300216,96,203487,Michael Carter-Williams,1610612755,Philadelphia 76ers,1,2,23,Made Shot,Jump Shot,3PT Field Goal,Above the Break 3,Left Side Center(LC),24+ ft.,25,-133,217,1,1,20131127,ORL,PHI
Shot Chart Detail,0021300216,98,203487,Michael Carter-Williams,1610612755,Philadelphia 76ers,1,1,45,Made Shot,Jump Bank Shot,2PT Field Goal,Mid-Range,Center(C),16-24 ft.,20,54,198,1,1,20131127,ORL,PHI
Shot Chart Detail,0021300216,175,203487,Michael Carter-Williams,1610612755,Philadelphia 76ers,2,7,53,Made Shot,Step Back Jump shot,3PT Field Goal,Above the Break 3,Left Side Center(LC),24+ ft.,25,-157,198,1,1,20131127,ORL,PHI
Shot Chart Detail,0021300216,323,203487,Michael Carter-Williams,1610612755,Philadelphia 76ers,3,4,1,Made Shot,Layup Shot,2PT Field Goal,Restricted Area,Center(C),Less Than 8 ft.,1,-4,11,1,1,20131127,ORL,PHI
Shot Chart Detail,0021300216,337,203487,Michael Carter-Williams,1610612755,Philadelphia 76ers,3,1,57,Made Shot,Jump Shot,2PT Field Goal,Mid-Range,Center(C),16-24 ft.,21,53,206,1,1,20131127,ORL,PHI
Shot Chart Detail,0021300216,435,203487,Michael Carter-Williams,1610612755,Philadelphia 76ers,4,4,57,Made Shot,Floating Jump shot,2PT Field Goal,In The Paint (Non-RA),Center(C),Less Than 8 ft.,7,15,69,1,1,20131127,ORL,PHI
Shot Chart Detail,0021300216,501,203487,Michael Carter-Williams,1610612755,Philadelphia 76ers,4,0,24,Made Shot,Jump Shot,2PT Field Goal,In The Paint (Non-RA),Center(C),8-16 ft.,13,26,135,1,1,20131127,ORL,PHI
Shot Chart Detail,0021300237,42,203487,Michael Carter-Williams,1610612755,Philadelphia 76ers,1,7,44,Made Shot,Floating Jump shot,2PT Field Goal,In The Paint (Non-RA),Center(C),Less Than 8 ft.,4,-32,25,1,1,20131129,PHI,NOP
Shot Chart Detail,0021300237,188,203487,Michael Carter-Williams,1610612755,Philadelphia 76ers,2,7,19,Made Shot,Driving Layup Shot,2PT Field Goal,Restricted Area,Center(C),Less Than 8 ft.,1,12,1,1,1,20131129,PHI,NOP
Shot Chart Detail,0021300237,246,203487,Michael Carter-Williams,1610612755,Philadelphia 76ers,2,1,19,Made Shot,Jump Shot,3PT Field Goal,Above the Break 3,Left Side Center(LC),24+ ft.,26,-116,233,1,1,20131129,PHI,NOP
Shot Chart Detail,0021300237,491,203487,Michael Carter-Williams,1610612755,Philadelphia 76ers,4,4,30,Made Shot,Driving Layup Shot,2PT Field Goal,Restricted Area,Center(C),Less Than 8 ft.,0,1,0,1,1,20131129,PHI,NOP
Shot Chart Detail,0021300250,38,203487,Michael Carter-Williams,1610612755,Philadelphia 76ers,1,7,22,Made Shot,Jump Shot,2PT Field Goal,Mid-Range,Left Side(L),16-24 ft.,19,-196,25,1,1,20131201,DET,PHI
Shot Chart Detail,0021300250,160,203487,Michael Carter-Williams,1610612755,Philadelphia 76ers,2,8,28,Made Shot,Running Jump Shot,2PT Field Goal,In The Paint (Non-RA),Center(C),Less Than 8 ft.,4,-16,45,1,1,20131201,DET,PHI
Shot Chart Detail,0021300250,170,203487,Michael Carter-Williams,1610612755,Philadelphia 76ers,2,7,24,Made Shot,Jump Shot,2PT Field Goal,Restricted Area,Center(C),Less Than 8 ft.,3,6,33,1,1,20131201,DET,PHI
Shot Chart Detail,0021300250,344,203487,Michael Carter-Williams,1610612755,Philadelphia 76ers,3,6,49,Made Shot,Layup Shot,2PT Field Goal,Restricted Area,Center(C),Less Than 8 ft.,0,0,4,1,1,20131201,DET,PHI
Shot Chart Detail,0021300250,485,203487,Michael Carter-Williams,1610612755,Philadelphia 76ers,4,9,25,Made Shot,Running Jump Shot,2PT Field Goal,In The Paint (Non-RA),Center(C),Less Than 8 ft.,7,-41,64,1,1,20131201,DET,PHI
Shot Chart Detail,0021300261,67,203487,Michael Carter-Williams,1610612755,Philadelphia 76ers,1,4,13,Made Shot,Driving Layup Shot,2PT Field Goal,Restricted Area,Center(C),Less Than 8 ft.,1,-2,14,1,1,20131203,PHI,ORL
Shot Chart Detail,0021300261,187,203487,Michael Carter-Williams,1610612755,Philadelphia 76ers,2,6,53,Made Shot,Driving Layup Shot,2PT Field Goal,Restricted Area,Center(C),Less Than 8 ft.,0,4,4,1,1,20131203,PHI,ORL
Shot Chart Detail,0021300261,193,203487,Michael Carter-Williams,1610612755,Philadelphia 76ers,2,6,21,Made Shot,Tip Shot,2PT Field Goal,Restricted Area,Center(C),Less Than 8 ft.,0,-4,1,1,1,20131203,PHI,ORL
Shot Chart Detail,0021300261,215,203487,Michael Carter-Williams,1610612755,Philadelphia 76ers,2,3,40,Made Shot,Running Jump Shot,2PT Field Goal,Mid-Range,Right Side(R),8-16 ft.,9,86,45,1,1,20131203,PHI,ORL
Shot Chart Detail,0021300261,243,203487,Michael Carter-Williams,1610612755,Philadelphia 76ers,2,2,0,Made Shot,Putback Layup Shot,2PT Field Goal,Restricted Area,Center(C),Less Than 8 ft.,1,-15,3,1,1,20131203,PHI,ORL
Shot Chart Detail,0021300261,294,203487,Michael Carter-Williams,1610612755,Philadelphia 76ers,3,9,29,Made Shot,Floating Jump shot,2PT Field Goal,In The Paint (Non-RA),Center(C),Less Than 8 ft.,4,20,42,1,1,20131203,PHI,ORL
Shot Chart Detail,0021300261,335,203487,Michael Carter-Williams,1610612755,Philadelphia 76ers,3,5,7,Made Shot,Jump Shot,3PT Field Goal,Above the Break 3,Right Side Center(RC),24+ ft.,24,168,181,1,1,20131203,PHI,ORL
Shot Chart Detail,0021300261,505,203487,Michael Carter-Williams,1610612755,Philadelphia 76ers,4,1,3,Made Shot,Tip Shot,2PT Field Goal,Restricted Area,Center(C),Less Than 8 ft.,2,-8,20,1,1,20131203,PHI,ORL
Shot Chart Detail,0021300261,521,203487,Michael Carter-Williams,1610612755,Philadelphia 76ers,5,4,28,Made Shot,Floating Jump shot,2PT Field Goal,In The Paint (Non-RA),Left Side(L),8-16 ft.,8,-70,47,1,1,20131203,PHI,ORL
Shot Chart Detail,0021300261,550,203487,Michael Carter-Williams,1610612755,Philadelphia 76ers,5,1,2,Made Shot,Driving Layup Shot,2PT Field Goal,Restricted Area,Center(C),Less Than 8 ft.,2,1,25,1,1,20131203,PHI,ORL
Shot Chart Detail,0021300261,614,203487,Michael Carter-Williams,1610612755,Philadelphia 76ers,6,2,32,Made Shot,Driving Layup Shot,2PT Field Goal,Restricted Area,Center(C),Less Than 8 ft.,0,-5,7,1,1,20131203,PHI,ORL
Shot Chart Detail,0021300383,52,203487,Michael Carter-Williams,1610612755,Philadelphia 76ers,1,5,42,Made Shot,Pullup Jump shot,2PT Field Goal,In The Paint (Non-RA),Center(C),8-16 ft.,13,-13,137,1,1,20131220,PHI,BKN
Shot Chart Detail,0021300383,129,203487,Michael Carter-Williams,1610612755,Philadelphia 76ers,2,9,48,Made Shot,Driving Dunk Shot,2PT Field Goal,Restricted Area,Center(C),Less Than 8 ft.,0,4,3,1,1,20131220,PHI,BKN
Shot Chart Detail,0021300383,185,203487,Michael Carter-Williams,1610612755,Philadelphia 76ers,2,4,14,Made Shot,Layup Shot,2PT Field Goal,Restricted Area,Center(C),Less Than 8 ft.,1,-11,-6,1,1,20131220,PHI,BKN
Shot Chart Detail,0021300383,294,203487,Michael Carter-Williams,1610612755,Philadelphia 76ers,3,8,21,Made Shot,Layup Shot,2PT Field Goal,Restricted Area,Center(C),Less Than 8 ft.,0,4,7,1,1,20131220,PHI,BKN
Shot Chart Detail,0021300383,518,203487,Michael Carter-Williams,1610612755,Philadelphia 76ers,5,3,41,Made Shot,Driving Finger Roll Layup Shot,2PT Field Goal,Restricted Area,Center(C),Less Than 8 ft.,2,9,22,1,1,20131220,PHI,BKN
Shot Chart Detail,0021300398,31,203487,Michael Carter-Williams,1610612755,Philadelphia 76ers,1,7,45,Made Shot,Reverse Layup Shot,2PT Field Goal,Restricted Area,Center(C),Less Than 8 ft.,0,-7,-3,1,1,20131221,MIL,PHI
Shot Chart Detail,0021300398,40,203487,Michael Carter-Williams,1610612755,Philadelphia 76ers,1,5,52,Made Shot,Jump Shot,3PT Field Goal,Above the Break 3,Center(C),24+ ft.,28,0,280,1,1,20131221,MIL,PHI
Shot Chart Detail,0021300398,207,203487,Michael Carter-Williams,1610612755,Philadelphia 76ers,2,3,14,Made Shot,Layup Shot,2PT Field Goal,Restricted Area,Center(C),Less Than 8 ft.,1,-8,11,1,1,20131221,MIL,PHI
Shot Chart Detail,0021300398,236,203487,Michael Carter-Williams,1610612755,Philadelphia 76ers,2,1,6,Made Shot,Layup Shot,2PT Field Goal,Restricted Area,Center(C),Less Than 8 ft.,0,-7,-2,1,1,20131221,MIL,PHI
Shot Chart Detail,0021300398,239,203487,Michael Carter-Williams,1610612755,Philadelphia 76ers,2,0,50,Made Shot,Running Dunk Shot,2PT Field Goal,Restricted Area,Center(C),Less Than 8 ft.,1,-7,9,1,1,20131221,MIL,PHI
Shot Chart Detail,0021300398,255,203487,Michael Carter-Williams,1610612755,Philadelphia 76ers,3,11,37,Made Shot,Jump Bank Shot,2PT Field Goal,Mid-Range,Left Side(L),8-16 ft.,12,-123,-17,1,1,20131221,MIL,PHI
Shot Chart Detail,0021300398,536,203487,Michael Carter-Williams,1610612755,Philadelphia 76ers,4,0,22,Made Shot,Jump Bank Shot,2PT Field Goal,In The Paint (Non-RA),Left Side(L),8-16 ft.,8,-78,20,1,1,20131221,MIL,PHI
Shot Chart Detail,0021300445,3,203487,Michael Carter-Williams,1610612755,Philadelphia 76ers,1,11,30,Made Shot,Layup Shot,2PT Field Goal,Restricted Area,Center(C),Less Than 8 ft.,1,18,3,1,1,20131228,PHX,PHI
Shot Chart Detail,0021300445,40,203487,Michael Carter-Williams,1610612755,Philadelphia 76ers,1,7,58,Made Shot,Layup Shot,2PT Field Goal,Restricted Area,Center(C),Less Than 8 ft.,1,1,19,1,1,20131228,PHX,PHI
Shot Chart Detail,0021300445,60,203487,Michael Carter-Williams,1610612755,Philadelphia 76ers,1,5,36,Made Shot,Driving Layup Shot,2PT Field Goal,Restricted Area,Center(C),Less Than 8 ft.,2,-23,0,1,1,20131228,PHX,PHI
Shot Chart Detail,0021300445,69,203487,Michael Carter-Williams,1610612755,Philadelphia 76ers,1,5,13,Made Shot,Jump Shot,2PT Field Goal,Mid-Range,Right Side Center(RC),16-24 ft.,21,105,190,1,1,20131228,PHX,PHI
Shot Chart Detail,0021300445,102,203487,Michael Carter-Williams,1610612755,Philadelphia 76ers,1,2,33,Made Shot,Driving Layup Shot,2PT Field Goal,Restricted Area,Center(C),Less Than 8 ft.,1,17,0,1,1,20131228,PHX,PHI
Shot Chart Detail,0021300445,173,203487,Michael Carter-Williams,1610612755,Philadelphia 76ers,2,8,1,Made Shot,Running Bank shot,2PT Field Goal,In The Paint (Non-RA),Center(C),Less Than 8 ft.,5,-49,26,1,1,20131228,PHX,PHI
Shot Chart Detail,0021300445,193,203487,Michael Carter-Williams,1610612755,Philadelphia 76ers,2,6,37,Made Shot,Layup Shot,2PT Field Goal,Restricted Area,Center(C),Less Than 8 ft.,2,-2,25,1,1,20131228,PHX,PHI
Shot Chart Detail,0021300445,294,203487,Michael Carter-Williams,1610612755,Philadelphia 76ers,3,11,8,Made Shot,Jump Shot,3PT Field Goal,Above the Break 3,Center(C),24+ ft.,24,-10,246,1,1,20131228,PHX,PHI
Shot Chart Detail,0021300445,318,203487,Michael Carter-Williams,1610612755,Philadelphia 76ers,3,7,45,Made Shot,Layup Shot,2PT Field Goal,Restricted Area,Center(C),Less Than 8 ft.,1,-11,-3,1,1,20131228,PHX,PHI
Shot Chart Detail,0021300445,371,203487,Michael Carter-Williams,1610612755,Philadelphia 76ers,3,4,28,Made Shot,Layup Shot,2PT Field Goal,Restricted Area,Center(C),Less Than 8 ft.,1,-10,0,1,1,20131228,PHX,PHI
Shot Chart Detail,0021300445,534,203487,Michael Carter-Williams,1610612755,Philadelphia 76ers,4,4,6,Made Shot,Layup Shot,2PT Field Goal,Restricted Area,Center(C),Less Than 8 ft.,0,-8,4,1,1,20131228,PHX,PHI
Shot Chart Detail,0021300445,550,203487,Michael Carter-Williams,1610612755,Philadelphia 76ers,4,3,18,Made Shot,Driving Layup Shot,2PT Field Goal,Restricted Area,Center(C),Less Than 8 ft.,0,-8,1,1,1,20131228,PHX,PHI
Shot Chart Detail,0021300452,14,203487,Michael Carter-Williams,1610612755,Philadelphia 76ers,1,10,40,Made Shot,Layup Shot,2PT Field Goal,Restricted Area,Center(C),Less Than 8 ft.,2,23,-11,1,1,20131229,LAL,PHI
Shot Chart Detail,0021300452,352,203487,Michael Carter-Williams,1610612755,Philadelphia 76ers,3,9,21,Made Shot,Layup Shot,2PT Field Goal,Restricted Area,Center(C),Less Than 8 ft.,2,26,-3,1,1,20131229,LAL,PHI
Shot Chart Detail,0021300452,369,203487,Michael Carter-Williams,1610612755,Philadelphia 76ers,3,8,22,Made Shot,Slam Dunk Shot,2PT Field Goal,Restricted Area,Center(C),Less Than 8 ft.,1,18,-5,1,1,20131229,LAL,PHI
Shot Chart Detail,0021300452,558,203487,Michael Carter-Williams,1610612755,Philadelphia 76ers,4,4,55,Made Shot,Layup Shot,2PT Field Goal,Restricted Area,Center(C),Less Than 8 ft.,1,18,0,1,1,20131229,LAL,PHI
Shot Chart Detail,0021300471,88,203487,Michael Carter-Williams,1610612755,Philadelphia 76ers,1,5,43,Made Shot,Tip Shot,2PT Field Goal,Restricted Area,Center(C),Less Than 8 ft.,1,17,1,1,1,20140101,DEN,PHI
Shot Chart Detail,0021300471,182,203487,Michael Carter-Williams,1610612755,Philadelphia 76ers,2,9,51,Made Shot,Running Bank shot,2PT Field Goal,In The Paint (Non-RA),Center(C),Less Than 8 ft.,7,64,39,1,1,20140101,DEN,PHI
Shot Chart Detail,0021300471,246,203487,Michael Carter-Williams,1610612755,Philadelphia 76ers,2,6,12,Made Shot,Dunk Shot,2PT Field Goal,Restricted Area,Center(C),Less Than 8 ft.,1,10,0,1,1,20140101,DEN,PHI
Shot Chart Detail,0021300471,353,203487,Michael Carter-Williams,1610612755,Philadelphia 76ers,3,10,19,Made Shot,Jump Shot,2PT Field Goal,In The Paint (Non-RA),Right Side(R),8-16 ft.,8,66,53,1,1,20140101,DEN,PHI
Shot Chart Detail,0021300471,588,203487,Michael Carter-Williams,1610612755,Philadelphia 76ers,4,2,39,Made Shot,Jump Shot,2PT Field Goal,In The Paint (Non-RA),Center(C),8-16 ft.,13,56,124,1,1,20140101,DEN,PHI
Shot Chart Detail,0021300481,17,203487,Michael Carter-Williams,1610612755,Philadelphia 76ers,1,10,20,Made Shot,Running Bank shot,2PT Field Goal,Mid-Range,Left Side(L),8-16 ft.,9,-93,17,1,1,20140102,SAC,PHI
Shot Chart Detail,0021300481,72,203487,Michael Carter-Williams,1610612755,Philadelphia 76ers,1,4,19,Made Shot,Dunk Shot,2PT Field Goal,Restricted Area,Center(C),Less Than 8 ft.,0,1,7,1,1,20140102,SAC,PHI
Shot Chart Detail,0021300481,538,203487,Michael Carter-Williams,1610612755,Philadelphia 76ers,4,7,5,Made Shot,Jump Bank Shot,2PT Field Goal,In The Paint (Non-RA),Center(C),Less Than 8 ft.,5,39,33,1,1,20140102,SAC,PHI
Shot Chart Detail,0021300496,36,203487,Michael Carter-Williams,1610612755,Philadelphia 76ers,1,6,28,Made Shot,Putback Dunk Shot,2PT Field Goal,Restricted Area,Center(C),Less Than 8 ft.,0,0,4,1,1,20140104,POR,PHI
Shot Chart Detail,0021300496,53,203487,Michael Carter-Williams,1610612755,Philadelphia 76ers,1,4,59,Made Shot,Driving Layup Shot,2PT Field Goal,Restricted Area,Center(C),Less Than 8 ft.,0,-8,0,1,1,20140104,POR,PHI
Shot Chart Detail,0021300496,77,203487,Michael Carter-Williams,1610612755,Philadelphia 76ers,1,2,48,Made Shot,Layup Shot,2PT Field Goal,Restricted Area,Center(C),Less Than 8 ft.,0,2,-3,1,1,20140104,POR,PHI
Shot Chart Detail,0021300496,230,203487,Michael Carter-Williams,1610612755,Philadelphia 76ers,2,1,9,Made Shot,Pullup Jump shot,2PT Field Goal,In The Paint (Non-RA),Center(C),8-16 ft.,12,-49,115,1,1,20140104,POR,PHI
Shot Chart Detail,0021300496,393,203487,Michael Carter-Williams,1610612755,Philadelphia 76ers,3,0,29,Made Shot,Running Jump Shot,2PT Field Goal,In The Paint (Non-RA),Center(C),Less Than 8 ft.,7,-70,31,1,1,20140104,POR,PHI
Shot Chart Detail,0021300505,180,203487,Michael Carter-Williams,1610612755,Philadelphia 76ers,2,7,43,Made Shot,Jump Shot,3PT Field Goal,Above the Break 3,Right Side Center(RC),24+ ft.,24,166,178,1,1,20140106,PHI,MIN
Shot Chart Detail,0021300505,184,203487,Michael Carter-Williams,1610612755,Philadelphia 76ers,2,7,6,Made Shot,Layup Shot,2PT Field Goal,Restricted Area,Center(C),Less Than 8 ft.,1,-19,3,1,1,20140106,PHI,MIN
Shot Chart Detail,0021300505,222,203487,Michael Carter-Williams,1610612755,Philadelphia 76ers,2,3,27,Made Shot,Layup Shot,2PT Field Goal,Restricted Area,Center(C),Less Than 8 ft.,1,-11,9,1,1,20140106,PHI,MIN
Shot Chart Detail,0021300505,236,203487,Michael Carter-Williams,1610612755,Philadelphia 76ers,2,2,12,Made Shot,Driving Layup Shot,2PT Field Goal,Restricted Area,Center(C),Less Than 8 ft.,1,-11,-2,1,1,20140106,PHI,MIN
Shot Chart Detail,0021300505,251,203487,Michael Carter-Williams,1610612755,Philadelphia 76ers,2,1,26,Made Shot,Driving Slam Dunk Shot,2PT Field Goal,Restricted Area,Center(C),Less Than 8 ft.,0,-8,4,1,1,20140106,PHI,MIN
Shot Chart Detail,0021300505,336,203487,Michael Carter-Williams,1610612755,Philadelphia 76ers,3,5,27,Made Shot,Driving Layup Shot,2PT Field Goal,Restricted Area,Center(C),Less Than 8 ft.,2,17,17,1,1,20140106,PHI,MIN
Shot Chart Detail,0021300509,4,203487,Michael Carter-Williams,1610612755,Philadelphia 76ers,1,11,36,Made Shot,Jump Shot,2PT Field Goal,Mid-Range,Left Side(L),16-24 ft.,17,-172,30,1,1,20140107,CLE,PHI
Shot Chart Detail,0021300509,18,203487,Michael Carter-Williams,1610612755,Philadelphia 76ers,1,9,22,Made Shot,Layup Shot,2PT Field Goal,Restricted Area,Center(C),Less Than 8 ft.,0,-5,4,1,1,20140107,CLE,PHI
Shot Chart Detail,0021300509,70,203487,Michael Carter-Williams,1610612755,Philadelphia 76ers,1,3,19,Made Shot,Dunk Shot,2PT Field Goal,Restricted Area,Center(C),Less Than 8 ft.,1,7,15,1,1,20140107,CLE,PHI
Shot Chart Detail,0021300509,185,203487,Michael Carter-Williams,1610612755,Philadelphia 76ers,2,5,10,Made Shot,Jump Shot,3PT Field Goal,Above the Break 3,Left Side Center(LC),24+ ft.,25,-161,200,1,1,20140107,CLE,PHI
Shot Chart Detail,0021300509,190,203487,Michael Carter-Williams,1610612755,Philadelphia 76ers,2,4,12,Made Shot,Driving Layup Shot,2PT Field Goal,Restricted Area,Center(C),Less Than 8 ft.,0,4,1,1,1,20140107,CLE,PHI
Shot Chart Detail,0021300509,210,203487,Michael Carter-Williams,1610612755,Philadelphia 76ers,2,1,57,Made Shot,Jump Shot,2PT Field Goal,In The Paint (Non-RA),Center(C),Less Than 8 ft.,5,31,48,1,1,20140107,CLE,PHI
Shot Chart Detail,0021300509,280,203487,Michael Carter-Williams,1610612755,Philadelphia 76ers,3,9,47,Made Shot,Layup Shot,2PT Field Goal,Restricted Area,Center(C),Less Than 8 ft.,0,-2,4,1,1,20140107,CLE,PHI
Shot Chart Detail,0021300509,313,203487,Michael Carter-Williams,1610612755,Philadelphia 76ers,3,6,55,Made Shot,Running Jump Shot,2PT Field Goal,In The Paint (Non-RA),Center(C),Less Than 8 ft.,5,-40,33,1,1,20140107,CLE,PHI
Shot Chart Detail,0021300509,337,203487,Michael Carter-Williams,1610612755,Philadelphia 76ers,3,5,54,Made Shot,Driving Bank shot,2PT Field Goal,In The Paint (Non-RA),Left Side(L),8-16 ft.,8,-79,30,1,1,20140107,CLE,PHI
Shot Chart Detail,0021300509,428,203487,Michael Carter-Williams,1610612755,Philadelphia 76ers,4,11,21,Made Shot,Dunk Shot,2PT Field Goal,Restricted Area,Center(C),Less Than 8 ft.,1,13,6,1,1,20140107,CLE,PHI
Shot Chart Detail,0021300509,430,203487,Michael Carter-Williams,1610612755,Philadelphia 76ers,4,10,51,Made Shot,Running Bank shot,2PT Field Goal,In The Paint (Non-RA),Center(C),Less Than 8 ft.,6,48,41,1,1,20140107,CLE,PHI
Shot Chart Detail,0021300509,465,203487,Michael Carter-Williams,1610612755,Philadelphia 76ers,4,7,2,Made Shot,Jump Shot,3PT Field Goal,Above the Break 3,Center(C),24+ ft.,24,18,247,1,1,20140107,CLE,PHI
Shot Chart Detail,0021300509,472,203487,Michael Carter-Williams,1610612755,Philadelphia 76ers,4,5,57,Made Shot,Driving Bank shot,2PT Field Goal,In The Paint (Non-RA),Center(C),Less Than 8 ft.,4,36,25,1,1,20140107,CLE,PHI
Shot Chart Detail,0021300532,8,203487,Michael Carter-Williams,1610612755,Philadelphia 76ers,1,10,43,Made Shot,Driving Dunk Shot,2PT Field Goal,Restricted Area,Center(C),Less Than 8 ft.,0,1,7,1,1,20140110,PHI,DET
Shot Chart Detail,0021300532,14,203487,Michael Carter-Williams,1610612755,Philadelphia 76ers,1,10,5,Made Shot,Driving Layup Shot,2PT Field Goal,Restricted Area,Center(C),Less Than 8 ft.,1,-8,7,1,1,20140110,PHI,DET
Shot Chart Detail,0021300532,63,203487,Michael Carter-Williams,1610612755,Philadelphia 76ers,1,6,12,Made Shot,Floating Jump shot,2PT Field Goal,In The Paint (Non-RA),Center(C),Less Than 8 ft.,6,4,61,1,1,20140110,PHI,DET
Shot Chart Detail,0021300532,72,203487,Michael Carter-Williams,1610612755,Philadelphia 76ers,1,5,31,Made Shot,Driving Layup Shot,2PT Field Goal,Restricted Area,Center(C),Less Than 8 ft.,2,29,0,1,1,20140110,PHI,DET
Shot Chart Detail,0021300532,201,203487,Michael Carter-Williams,1610612755,Philadelphia 76ers,2,8,45,Made Shot,Driving Layup Shot,2PT Field Goal,Restricted Area,Center(C),Less Than 8 ft.,0,6,-3,1,1,20140110,PHI,DET
Shot Chart Detail,0021300532,236,203487,Michael Carter-Williams,1610612755,Philadelphia 76ers,2,6,57,Made Shot,Jump Bank Shot,2PT Field Goal,In The Paint (Non-RA),Center(C),Less Than 8 ft.,5,40,41,1,1,20140110,PHI,DET
Shot Chart Detail,0021300532,243,203487,Michael Carter-Williams,1610612755,Philadelphia 76ers,2,5,51,Made Shot,Tip Shot,2PT Field Goal,Restricted Area,Center(C),Less Than 8 ft.,0,1,4,1,1,20140110,PHI,DET
Shot Chart Detail,0021300532,329,203487,Michael Carter-Williams,1610612755,Philadelphia 76ers,3,10,1,Made Shot,Layup Shot,2PT Field Goal,Restricted Area,Center(C),Less Than 8 ft.,1,2,12,1,1,20140110,PHI,DET
Shot Chart Detail,0021300532,488,203487,Michael Carter-Williams,1610612755,Philadelphia 76ers,4,8,16,Made Shot,Driving Layup Shot,2PT Field Goal,Restricted Area,Center(C),Less Than 8 ft.,0,6,7,1,1,20140110,PHI,DET
Shot Chart Detail,0021300546,52,203487,Michael Carter-Williams,1610612755,Philadelphia 76ers,1,6,44,Made Shot,Driving Slam Dunk Shot,2PT Field Goal,Restricted Area,Center(C),Less Than 8 ft.,0,6,1,1,1,20140111,PHI,NYK
Shot Chart Detail,0021300546,259,203487,Michael Carter-Williams,1610612755,Philadelphia 76ers,3,10,43,Made Shot,Running Jump Shot,2PT Field Goal,In The Paint (Non-RA),Center(C),Less Than 8 ft.,7,-67,34,1,1,20140111,PHI,NYK
Shot Chart Detail,0021300546,296,203487,Michael Carter-Williams,1610612755,Philadelphia 76ers,3,6,11,Made Shot,Jump Shot,2PT Field Goal,Mid-Range,Left Side Center(LC),16-24 ft.,18,-146,116,1,1,20140111,PHI,NYK
Shot Chart Detail,0021300567,7,203487,Michael Carter-Williams,1610612755,Philadelphia 76ers,1,11,20,Made Shot,Layup Shot,2PT Field Goal,Restricted Area,Center(C),Less Than 8 ft.,0,0,6,1,1,20140115,PHI,CHA
Shot Chart Detail,0021300567,12,203487,Michael Carter-Williams,1610612755,Philadelphia 76ers,1,10,18,Made Shot,Running Bank shot,2PT Field Goal,Restricted Area,Center(C),Less Than 8 ft.,3,-29,15,1,1,20140115,PHI,CHA
Shot Chart Detail,0021300567,46,203487,Michael Carter-Williams,1610612755,Philadelphia 76ers,1,6,34,Made Shot,Putback Layup Shot,2PT Field Goal,Restricted Area,Center(C),Less Than 8 ft.,0,4,1,1,1,20140115,PHI,CHA
Shot Chart Detail,0021300567,236,203487,Michael Carter-Williams,1610612755,Philadelphia 76ers,2,3,32,Made Shot,Jump Shot,3PT Field Goal,Above the Break 3,Left Side Center(LC),24+ ft.,25,-98,235,1,1,20140115,PHI,CHA
Shot Chart Detail,0021300567,253,203487,Michael Carter-Williams,1610612755,Philadelphia 76ers,2,2,0,Made Shot,Driving Layup Shot,2PT Field Goal,Restricted Area,Center(C),Less Than 8 ft.,2,23,3,1,1,20140115,PHI,CHA
Shot Chart Detail,0021300567,326,203487,Michael Carter-Williams,1610612755,Philadelphia 76ers,3,8,12,Made Shot,Driving Slam Dunk Shot,2PT Field Goal,Restricted Area,Center(C),Less Than 8 ft.,0,4,0,1,1,20140115,PHI,CHA
Shot Chart Detail,0021300567,363,203487,Michael Carter-Williams,1610612755,Philadelphia 76ers,3,4,13,Made Shot,Driving Layup Shot,2PT Field Goal,Restricted Area,Center(C),Less Than 8 ft.,1,13,14,1,1,20140115,PHI,CHA
Shot Chart Detail,0021300567,471,203487,Michael Carter-Williams,1610612755,Philadelphia 76ers,4,6,7,Made Shot,Running Bank shot,2PT Field Goal,In The Paint (Non-RA),Center(C),Less Than 8 ft.,4,39,17,1,1,20140115,PHI,CHA
Shot Chart Detail,0021300583,313,203487,Michael Carter-Williams,1610612755,Philadelphia 76ers,3,9,54,Made Shot,Driving Layup Shot,2PT Field Goal,Restricted Area,Center(C),Less Than 8 ft.,2,7,20,1,1,20140117,PHI,MIA
Shot Chart Detail,0021300596,175,203487,Michael Carter-Williams,1610612755,Philadelphia 76ers,2,6,53,Made Shot,Jump Shot,2PT Field Goal,Restricted Area,Center(C),Less Than 8 ft.,3,-35,6,1,1,20140118,CHI,PHI
Shot Chart Detail,0021300596,228,203487,Michael Carter-Williams,1610612755,Philadelphia 76ers,2,0,52,Made Shot,Driving Layup Shot,2PT Field Goal,Restricted Area,Center(C),Less Than 8 ft.,1,-19,6,1,1,20140118,CHI,PHI
Shot Chart Detail,0021300596,342,203487,Michael Carter-Williams,1610612755,Philadelphia 76ers,3,2,49,Made Shot,Fadeaway Jump Shot,2PT Field Goal,Mid-Range,Right Side(R),8-16 ft.,15,159,-5,1,1,20140118,CHI,PHI
Shot Chart Detail,0021300596,387,203487,Michael Carter-Williams,1610612755,Philadelphia 76ers,4,10,11,Made Shot,Floating Jump shot,2PT Field Goal,In The Paint (Non-RA),Center(C),Less Than 8 ft.,7,45,58,1,1,20140118,CHI,PHI
Shot Chart Detail,0021300596,424,203487,Michael Carter-Williams,1610612755,Philadelphia 76ers,4,7,44,Made Shot,Layup Shot,2PT Field Goal,Restricted Area,Center(C),Less Than 8 ft.,0,-3,4,1,1,20140118,CHI,PHI
Shot Chart Detail,0021300609,21,203487,Michael Carter-Williams,1610612755,Philadelphia 76ers,1,9,32,Made Shot,Layup Shot,2PT Field Goal,Restricted Area,Center(C),Less Than 8 ft.,1,12,6,1,1,20140120,WAS,PHI
Shot Chart Detail,0021300609,31,203487,Michael Carter-Williams,1610612755,Philadelphia 76ers,1,8,17,Made Shot,Layup Shot,2PT Field Goal,Restricted Area,Center(C),Less Than 8 ft.,2,17,17,1,1,20140120,WAS,PHI
Shot Chart Detail,0021300609,156,203487,Michael Carter-Williams,1610612755,Philadelphia 76ers,2,10,36,Made Shot,Jump Shot,2PT Field Goal,Mid-Range,Left Side Center(LC),16-24 ft.,17,-54,164,1,1,20140120,WAS,PHI
Shot Chart Detail,0021300609,158,203487,Michael Carter-Williams,1610612755,Philadelphia 76ers,2,10,0,Made Shot,Layup Shot,2PT Field Goal,Restricted Area,Center(C),Less Than 8 ft.,1,-5,12,1,1,20140120,WAS,PHI
Shot Chart Detail,0021300609,162,203487,Michael Carter-Williams,1610612755,Philadelphia 76ers,2,9,45,Made Shot,Running Slam Dunk Shot,2PT Field Goal,Restricted Area,Center(C),Less Than 8 ft.,0,-2,6,1,1,20140120,WAS,PHI
Shot Chart Detail,0021300609,234,203487,Michael Carter-Williams,1610612755,Philadelphia 76ers,2,4,8,Made Shot,Layup Shot,2PT Field Goal,Restricted Area,Center(C),Less Than 8 ft.,1,-8,11,1,1,20140120,WAS,PHI
Shot Chart Detail,0021300609,248,203487,Michael Carter-Williams,1610612755,Philadelphia 76ers,2,3,32,Made Shot,Jump Shot,3PT Field Goal,Above the Break 3,Left Side Center(LC),24+ ft.,26,-202,164,1,1,20140120,WAS,PHI
Shot Chart Detail,0021300609,254,203487,Michael Carter-Williams,1610612755,Philadelphia 76ers,2,2,39,Made Shot,Driving Finger Roll Layup Shot,2PT Field Goal,Restricted Area,Center(C),Less Than 8 ft.,0,-5,4,1,1,20140120,WAS,PHI
Shot Chart Detail,0021300609,318,203487,Michael Carter-Williams,1610612755,Philadelphia 76ers,3,10,44,Made Shot,Layup Shot,2PT Field Goal,Restricted Area,Center(C),Less Than 8 ft.,2,6,28,1,1,20140120,WAS,PHI
Shot Chart Detail,0021300609,345,203487,Michael Carter-Williams,1610612755,Philadelphia 76ers,3,8,44,Made Shot,Jump Shot,2PT Field Goal,Mid-Range,Left Side(L),8-16 ft.,12,-122,0,1,1,20140120,WAS,PHI
Shot Chart Detail,0021300609,351,203487,Michael Carter-Williams,1610612755,Philadelphia 76ers,3,8,13,Made Shot,Tip Shot,2PT Field Goal,Restricted Area,Center(C),Less Than 8 ft.,1,7,14,1,1,20140120,WAS,PHI
Shot Chart Detail,0021300609,480,203487,Michael Carter-Williams,1610612755,Philadelphia 76ers,4,8,31,Made Shot,Step Back Jump shot,2PT Field Goal,Mid-Range,Left Side(L),8-16 ft.,15,-111,112,1,1,20140120,WAS,PHI
Shot Chart Detail,0021300609,530,203487,Michael Carter-Williams,1610612755,Philadelphia 76ers,4,5,32,Made Shot,Jump Shot,2PT Field Goal,In The Paint (Non-RA),Center(C),Less Than 8 ft.,4,-16,41,1,1,20140120,WAS,PHI
Shot Chart Detail,0021300626,60,203487,Michael Carter-Williams,1610612755,Philadelphia 76ers,1,4,19,Made Shot,Driving Layup Shot,2PT Field Goal,Restricted Area,Center(C),Less Than 8 ft.,0,-4,0,1,1,20140122,NYK,PHI
Shot Chart Detail,0021300626,71,203487,Michael Carter-Williams,1610612755,Philadelphia 76ers,1,3,48,Made Shot,Jump Shot,3PT Field Goal,Above the Break 3,Left Side Center(LC),24+ ft.,24,-146,198,1,1,20140122,NYK,PHI
Shot Chart Detail,0021300626,208,203487,Michael Carter-Williams,1610612755,Philadelphia 76ers,2,4,47,Made Shot,Driving Layup Shot,2PT Field Goal,Restricted Area,Center(C),Less Than 8 ft.,1,-7,9,1,1,20140122,NYK,PHI
Shot Chart Detail,0021300626,298,203487,Michael Carter-Williams,1610612755,Philadelphia 76ers,3,9,28,Made Shot,Layup Shot,2PT Field Goal,Restricted Area,Center(C),Less Than 8 ft.,1,10,6,1,1,20140122,NYK,PHI
Shot Chart Detail,0021300626,501,203487,Michael Carter-Williams,1610612755,Philadelphia 76ers,4,5,44,Made Shot,Jump Shot,3PT Field Goal,Above the Break 3,Left Side Center(LC),24+ ft.,24,-201,132,1,1,20140122,NYK,PHI
Shot Chart Detail,0021300634,29,203487,Michael Carter-Williams,1610612755,Philadelphia 76ers,1,7,54,Made Shot,Jump Shot,3PT Field Goal,Right Corner 3,Right Side(R),24+ ft.,22,226,-3,1,1,20140124,PHI,TOR
Shot Chart Detail,0021300634,55,203487,Michael Carter-Williams,1610612755,Philadelphia 76ers,1,5,33,Made Shot,Running Jump Shot,2PT Field Goal,In The Paint (Non-RA),Center(C),Less Than 8 ft.,4,47,-5,1,1,20140124,PHI,TOR
Shot Chart Detail,0021300634,225,203487,Michael Carter-Williams,1610612755,Philadelphia 76ers,2,2,8,Made Shot,Jump Shot,3PT Field Goal,Above the Break 3,Center(C),24+ ft.,25,-30,254,1,1,20140124,PHI,TOR
Shot Chart Detail,0021300634,284,203487,Michael Carter-Williams,1610612755,Philadelphia 76ers,3,8,49,Made Shot,Driving Finger Roll Layup Shot,2PT Field Goal,Restricted Area,Center(C),Less Than 8 ft.,1,13,12,1,1,20140124,PHI,TOR
Shot Chart Detail,0021300634,288,203487,Michael Carter-Williams,1610612755,Philadelphia 76ers,3,7,58,Made Shot,Running Jump Shot,2PT Field Goal,In The Paint (Non-RA),Center(C),Less Than 8 ft.,5,-43,30,1,1,20140124,PHI,TOR
Shot Chart Detail,0021300634,428,203487,Michael Carter-Williams,1610612755,Philadelphia 76ers,4,4,31,Made Shot,Jump Shot,3PT Field Goal,Above the Break 3,Center(C),24+ ft.,24,-52,244,1,1,20140124,PHI,TOR
Shot Chart Detail,0021300648,8,203487,Michael Carter-Williams,1610612755,Philadelphia 76ers,1,11,19,Made Shot,Layup Shot,2PT Field Goal,Restricted Area,Center(C),Less Than 8 ft.,0,-7,0,1,1,20140125,PHI,OKC
Shot Chart Detail,0021300648,85,203487,Michael Carter-Williams,1610612755,Philadelphia 76ers,1,2,51,Made Shot,Jump Shot,2PT Field Goal,Mid-Range,Left Side Center(LC),16-24 ft.,19,-73,184,1,1,20140125,PHI,OKC
Shot Chart Detail,0021300648,200,203487,Michael Carter-Williams,1610612755,Philadelphia 76ers,2,6,6,Made Shot,Layup Shot,2PT Field Goal,Restricted Area,Center(C),Less Than 8 ft.,1,-13,0,1,1,20140125,PHI,OKC
Shot Chart Detail,0021300648,367,203487,Michael Carter-Williams,1610612755,Philadelphia 76ers,3,2,48,Made Shot,Floating Jump shot,2PT Field Goal,In The Paint (Non-RA),Center(C),Less Than 8 ft.,7,72,7,1,1,20140125,PHI,OKC
Shot Chart Detail,0021300662,41,203487,Michael Carter-Williams,1610612755,Philadelphia 76ers,1,6,39,Made Shot,Jump Shot,2PT Field Goal,Mid-Range,Right Side(R),16-24 ft.,17,176,-10,1,1,20140127,PHI,PHX
Shot Chart Detail,0021300662,204,203487,Michael Carter-Williams,1610612755,Philadelphia 76ers,2,6,10,Made Shot,Layup Shot,2PT Field Goal,Restricted Area,Center(C),Less Than 8 ft.,0,-5,-5,1,1,20140127,PHI,PHX
Shot Chart Detail,0021300662,370,203487,Michael Carter-Williams,1610612755,Philadelphia 76ers,3,4,51,Made Shot,Driving Layup Shot,2PT Field Goal,Restricted Area,Center(C),Less Than 8 ft.,1,-11,-5,1,1,20140127,PHI,PHX
Shot Chart Detail,0021300662,541,203487,Michael Carter-Williams,1610612755,Philadelphia 76ers,4,5,25,Made Shot,Driving Layup Shot,2PT Field Goal,Restricted Area,Center(C),Less Than 8 ft.,1,-10,1,1,1,20140127,PHI,PHX
Shot Chart Detail,0021300662,560,203487,Michael Carter-Williams,1610612755,Philadelphia 76ers,4,2,27,Made Shot,Jump Shot,3PT Field Goal,Above the Break 3,Left Side Center(LC),24+ ft.,26,-112,235,1,1,20140127,PHI,PHX
Shot Chart Detail,0021300662,572,203487,Michael Carter-Williams,1610612755,Philadelphia 76ers,4,1,16,Made Shot,Driving Dunk Shot,2PT Field Goal,Restricted Area,Center(C),Less Than 8 ft.,0,0,1,1,1,20140127,PHI,PHX
Shot Chart Detail,0021300662,595,203487,Michael Carter-Williams,1610612755,Philadelphia 76ers,4,0,1,Made Shot,Finger Roll Layup Shot,2PT Field Goal,Restricted Area,Center(C),Less Than 8 ft.,0,7,6,1,1,20140127,PHI,PHX
Shot Chart Detail,0021300678,2,203487,Michael Carter-Williams,1610612755,Philadelphia 76ers,1,11,43,Made Shot,Driving Layup Shot,2PT Field Goal,Restricted Area,Center(C),Less Than 8 ft.,3,15,26,1,1,20140129,BOS,PHI
Shot Chart Detail,0021300678,31,203487,Michael Carter-Williams,1610612755,Philadelphia 76ers,1,8,41,Made Shot,Driving Finger Roll Layup Shot,2PT Field Goal,Restricted Area,Center(C),Less Than 8 ft.,1,1,15,1,1,20140129,BOS,PHI
Shot Chart Detail,0021300678,244,203487,Michael Carter-Williams,1610612755,Philadelphia 76ers,2,6,20,Made Shot,Layup Shot,2PT Field Goal,Restricted Area,Center(C),Less Than 8 ft.,1,13,3,1,1,20140129,BOS,PHI
Shot Chart Detail,0021300678,291,203487,Michael Carter-Williams,1610612755,Philadelphia 76ers,2,0,57,Made Shot,Driving Layup Shot,2PT Field Goal,Restricted Area,Center(C),Less Than 8 ft.,2,-21,1,1,1,20140129,BOS,PHI
Shot Chart Detail,0021300690,360,203487,Michael Carter-Williams,1610612755,Philadelphia 76ers,3,8,28,Made Shot,Pullup Jump shot,2PT Field Goal,Mid-Range,Left Side(L),16-24 ft.,20,-202,-24,1,1,20140131,PHI,ATL
Shot Chart Detail,0021300690,513,203487,Michael Carter-Williams,1610612755,Philadelphia 76ers,4,8,14,Made Shot,Step Back Jump shot,2PT Field Goal,Mid-Range,Right Side(R),16-24 ft.,17,152,85,1,1,20140131,PHI,ATL
Shot Chart Detail,0021300690,520,203487,Michael Carter-Williams,1610612755,Philadelphia 76ers,4,7,14,Made Shot,Jump Shot,2PT Field Goal,Mid-Range,Left Side Center(LC),16-24 ft.,19,-89,178,1,1,20140131,PHI,ATL
Shot Chart Detail,0021300690,535,203487,Michael Carter-Williams,1610612755,Philadelphia 76ers,4,6,9,Made Shot,Jump Shot,3PT Field Goal,Above the Break 3,Center(C),24+ ft.,24,-59,239,1,1,20140131,PHI,ATL
Shot Chart Detail,0021300712,164,203487,Michael Carter-Williams,1610612755,Philadelphia 76ers,2,10,41,Made Shot,Driving Layup Shot,2PT Field Goal,Restricted Area,Center(C),Less Than 8 ft.,2,26,7,1,1,20140203,BKN,PHI
Shot Chart Detail,0021300712,225,203487,Michael Carter-Williams,1610612755,Philadelphia 76ers,2,5,50,Made Shot,Jump Shot,3PT Field Goal,Above the Break 3,Center(C),24+ ft.,24,-11,249,1,1,20140203,BKN,PHI
Shot Chart Detail,0021300712,331,203487,Michael Carter-Williams,1610612755,Philadelphia 76ers,3,11,16,Made Shot,Jump Shot,3PT Field Goal,Left Corner 3,Left Side(L),24+ ft.,23,-237,4,1,1,20140203,BKN,PHI
Shot Chart Detail,0021300712,453,203487,Michael Carter-Williams,1610612755,Philadelphia 76ers,4,10,57,Made Shot,Pullup Jump shot,2PT Field Goal,Mid-Range,Center(C),16-24 ft.,19,34,197,1,1,20140203,BKN,PHI
Shot Chart Detail,0021300712,463,203487,Michael Carter-Williams,1610612755,Philadelphia 76ers,4,9,36,Made Shot,Layup Shot,2PT Field Goal,Restricted Area,Center(C),Less Than 8 ft.,2,-21,0,1,1,20140203,BKN,PHI
Shot Chart Detail,0021300712,481,203487,Michael Carter-Williams,1610612755,Philadelphia 76ers,4,7,40,Made Shot,Jump Shot,3PT Field Goal,Left Corner 3,Left Side(L),24+ ft.,24,-243,20,1,1,20140203,BKN,PHI
Shot Chart Detail,0021300726,183,203487,Michael Carter-Williams,1610612755,Philadelphia 76ers,2,7,28,Made Shot,Tip Shot,2PT Field Goal,Restricted Area,Center(C),Less Than 8 ft.,1,4,17,1,1,20140205,PHI,BOS
Shot Chart Detail,0021300726,214,203487,Michael Carter-Williams,1610612755,Philadelphia 76ers,2,5,11,Made Shot,Driving Layup Shot,2PT Field Goal,Restricted Area,Center(C),Less Than 8 ft.,1,-16,-11,1,1,20140205,PHI,BOS
Shot Chart Detail,0021300726,360,203487,Michael Carter-Williams,1610612755,Philadelphia 76ers,3,5,32,Made Shot,Layup Shot,2PT Field Goal,Restricted Area,Center(C),Less Than 8 ft.,2,2,25,1,1,20140205,PHI,BOS
Shot Chart Detail,0021300726,440,203487,Michael Carter-Williams,1610612755,Philadelphia 76ers,4,10,53,Made Shot,Pullup Jump shot,2PT Field Goal,Mid-Range,Right Side(R),16-24 ft.,17,159,78,1,1,20140205,PHI,BOS
Shot Chart Detail,0021300726,510,203487,Michael Carter-Williams,1610612755,Philadelphia 76ers,4,4,8,Made Shot,Driving Jump shot,2PT Field Goal,Restricted Area,Center(C),Less Than 8 ft.,3,-35,19,1,1,20140205,PHI,BOS
Shot Chart Detail,0021300741,3,203487,Michael Carter-Williams,1610612755,Philadelphia 76ers,1,11,40,Made Shot,Jump Shot,2PT Field Goal,Mid-Range,Left Side(L),8-16 ft.,9,-87,25,1,1,20140207,PHI,LAL
Shot Chart Detail,0021300741,79,203487,Michael Carter-Williams,1610612755,Philadelphia 76ers,1,3,2,Made Shot,Driving Layup Shot,2PT Field Goal,Restricted Area,Center(C),Less Than 8 ft.,0,-5,4,1,1,20140207,PHI,LAL
Shot Chart Detail,0021300741,205,203487,Michael Carter-Williams,1610612755,Philadelphia 76ers,2,5,6,Made Shot,Putback Layup Shot,2PT Field Goal,Restricted Area,Center(C),Less Than 8 ft.,0,0,3,1,1,20140207,PHI,LAL
Shot Chart Detail,0021300741,316,203487,Michael Carter-Williams,1610612755,Philadelphia 76ers,3,4,44,Made Shot,Jump Shot,3PT Field Goal,Above the Break 3,Left Side Center(LC),24+ ft.,25,-179,179,1,1,20140207,PHI,LAL
Shot Chart Detail,0021300763,85,203487,Michael Carter-Williams,1610612755,Philadelphia 76ers,1,4,12,Made Shot,Driving Layup Shot,2PT Field Goal,Restricted Area,Center(C),Less Than 8 ft.,1,-5,11,1,1,20140209,LAC,PHI
Shot Chart Detail,0021300763,411,203487,Michael Carter-Williams,1610612755,Philadelphia 76ers,3,3,22,Made Shot,Layup Shot,2PT Field Goal,Restricted Area,Center(C),Less Than 8 ft.,1,-11,14,1,1,20140209,LAC,PHI
Shot Chart Detail,0021300763,487,203487,Michael Carter-Williams,1610612755,Philadelphia 76ers,4,9,24,Made Shot,Running Bank shot,2PT Field Goal,In The Paint (Non-RA),Center(C),Less Than 8 ft.,5,43,30,1,1,20140209,LAC,PHI
Shot Chart Detail,0021300763,497,203487,Michael Carter-Williams,1610612755,Philadelphia 76ers,4,8,45,Made Shot,Driving Finger Roll Layup Shot,2PT Field Goal,Restricted Area,Center(C),Less Than 8 ft.,1,9,11,1,1,20140209,LAC,PHI
Shot Chart Detail,0021300763,585,203487,Michael Carter-Williams,1610612755,Philadelphia 76ers,4,0,53,Made Shot,Reverse Layup Shot,2PT Field Goal,Restricted Area,Center(C),Less Than 8 ft.,0,2,4,1,1,20140209,LAC,PHI
Shot Chart Detail,0021300769,12,203487,Michael Carter-Williams,1610612755,Philadelphia 76ers,1,9,59,Made Shot,Running Jump Shot,2PT Field Goal,In The Paint (Non-RA),Center(C),Less Than 8 ft.,7,0,74,1,1,20140210,GSW,PHI
Shot Chart Detail,0021300769,137,203487,Michael Carter-Williams,1610612755,Philadelphia 76ers,2,10,48,Made Shot,Pullup Jump shot,2PT Field Goal,Mid-Range,Left Side(L),16-24 ft.,16,-160,14,1,1,20140210,GSW,PHI
Shot Chart Detail,0021300769,147,203487,Michael Carter-Williams,1610612755,Philadelphia 76ers,2,9,15,Made Shot,Floating Jump shot,2PT Field Goal,Mid-Range,Right Side(R),8-16 ft.,9,89,31,1,1,20140210,GSW,PHI
Shot Chart Detail,0021300769,323,203487,Michael Carter-Williams,1610612755,Philadelphia 76ers,3,6,33,Made Shot,Driving Bank shot,2PT Field Goal,Mid-Range,Right Side(R),8-16 ft.,11,100,58,1,1,20140210,GSW,PHI
Shot Chart Detail,0021300769,415,203487,Michael Carter-Williams,1610612755,Philadelphia 76ers,4,10,46,Made Shot,Jump Shot,2PT Field Goal,In The Paint (Non-RA),Center(C),8-16 ft.,10,-38,99,1,1,20140210,GSW,PHI
Shot Chart Detail,0021300769,436,203487,Michael Carter-Williams,1610612755,Philadelphia 76ers,4,9,1,Made Shot,Running Jump Shot,2PT Field Goal,In The Paint (Non-RA),Center(C),Less Than 8 ft.,7,-40,64,1,1,20140210,GSW,PHI
Shot Chart Detail,0021300769,483,203487,Michael Carter-Williams,1610612755,Philadelphia 76ers,4,5,19,Made Shot,Alley Oop Layup shot,2PT Field Goal,Restricted Area,Center(C),Less Than 8 ft.,1,-11,11,1,1,20140210,GSW,PHI
Shot Chart Detail,0021300769,499,203487,Michael Carter-Williams,1610612755,Philadelphia 76ers,4,3,52,Made Shot,Fadeaway Jump Shot,3PT Field Goal,Above the Break 3,Right Side Center(RC),24+ ft.,25,83,238,1,1,20140210,GSW,PHI
Shot Chart Detail,0021300787,18,203487,Michael Carter-Williams,1610612755,Philadelphia 76ers,1,9,37,Made Shot,Layup Shot,2PT Field Goal,Restricted Area,Center(C),Less Than 8 ft.,2,20,12,1,1,20140212,UTA,PHI
Shot Chart Detail,0021300787,72,203487,Michael Carter-Williams,1610612755,Philadelphia 76ers,1,3,49,Made Shot,Floating Jump shot,2PT Field Goal,In The Paint (Non-RA),Center(C),Less Than 8 ft.,5,0,50,1,1,20140212,UTA,PHI
Shot Chart Detail,0021300787,229,203487,Michael Carter-Williams,1610612755,Philadelphia 76ers,2,4,6,Made Shot,Jump Shot,2PT Field Goal,In The Paint (Non-RA),Right Side(R),8-16 ft.,8,61,58,1,1,20140212,UTA,PHI
Shot Chart Detail,0021300787,355,203487,Michael Carter-Williams,1610612755,Philadelphia 76ers,3,3,53,Made Shot,Jump Shot,2PT Field Goal,In The Paint (Non-RA),Center(C),8-16 ft.,8,20,83,1,1,20140212,UTA,PHI
Shot Chart Detail,0021300787,481,203487,Michael Carter-Williams,1610612755,Philadelphia 76ers,4,3,56,Made Shot,Jump Shot,2PT Field Goal,In The Paint (Non-RA),Center(C),Less Than 8 ft.,5,-43,26,1,1,20140212,UTA,PHI
Shot Chart Detail,0021300787,491,203487,Michael Carter-Williams,1610612755,Philadelphia 76ers,4,2,10,Made Shot,Layup Shot,2PT Field Goal,Restricted Area,Center(C),Less Than 8 ft.,2,21,14,1,1,20140212,UTA,PHI
Shot Chart Detail,0021300793,21,203487,Michael Carter-Williams,1610612755,Philadelphia 76ers,1,9,50,Made Shot,Floating Jump shot,2PT Field Goal,In The Paint (Non-RA),Center(C),Less Than 8 ft.,7,0,71,1,1,20140218,PHI,CLE
Shot Chart Detail,0021300793,84,203487,Michael Carter-Williams,1610612755,Philadelphia 76ers,1,3,20,Made Shot,Driving Layup Shot,2PT Field Goal,Restricted Area,Center(C),Less Than 8 ft.,1,-19,6,1,1,20140218,PHI,CLE
Shot Chart Detail,0021300793,88,203487,Michael Carter-Williams,1610612755,Philadelphia 76ers,1,2,48,Made Shot,Running Jump Shot,2PT Field Goal,In The Paint (Non-RA),Right Side(R),8-16 ft.,8,62,56,1,1,20140218,PHI,CLE
Shot Chart Detail,0021300793,98,203487,Michael Carter-Williams,1610612755,Philadelphia 76ers,1,1,45,Made Shot,Pullup Jump shot,2PT Field Goal,In The Paint (Non-RA),Center(C),8-16 ft.,13,54,127,1,1,20140218,PHI,CLE
Shot Chart Detail,0021300793,345,203487,Michael Carter-Williams,1610612755,Philadelphia 76ers,3,9,45,Made Shot,Layup Shot,2PT Field Goal,Restricted Area,Center(C),Less Than 8 ft.,0,-7,-5,1,1,20140218,PHI,CLE
Shot Chart Detail,0021300817,13,203487,Michael Carter-Williams,1610612755,Philadelphia 76ers,1,10,29,Made Shot,Pullup Jump shot,2PT Field Goal,Mid-Range,Right Side(R),16-24 ft.,16,162,25,1,1,20140221,PHI,DAL
Shot Chart Detail,0021300817,39,203487,Michael Carter-Williams,1610612755,Philadelphia 76ers,1,7,33,Made Shot,Jump Shot,2PT Field Goal,Mid-Range,Right Side(R),16-24 ft.,21,190,102,1,1,20140221,PHI,DAL
Shot Chart Detail,0021300817,101,203487,Michael Carter-Williams,1610612755,Philadelphia 76ers,1,1,56,Made Shot,Driving Layup Shot,2PT Field Goal,Restricted Area,Center(C),Less Than 8 ft.,1,6,14,1,1,20140221,PHI,DAL
Shot Chart Detail,0021300817,230,203487,Michael Carter-Williams,1610612755,Philadelphia 76ers,2,5,7,Made Shot,Driving Layup Shot,2PT Field Goal,Restricted Area,Center(C),Less Than 8 ft.,2,0,20,1,1,20140221,PHI,DAL
Shot Chart Detail,0021300817,286,203487,Michael Carter-Williams,1610612755,Philadelphia 76ers,2,2,3,Made Shot,Driving Layup Shot,2PT Field Goal,Restricted Area,Center(C),Less Than 8 ft.,1,-15,7,1,1,20140221,PHI,DAL
Shot Chart Detail,0021300817,329,203487,Michael Carter-Williams,1610612755,Philadelphia 76ers,3,9,44,Made Shot,Driving Finger Roll Layup Shot,2PT Field Goal,Restricted Area,Center(C),Less Than 8 ft.,1,-8,9,1,1,20140221,PHI,DAL
Shot Chart Detail,0021300817,366,203487,Michael Carter-Williams,1610612755,Philadelphia 76ers,3,5,19,Made Shot,Driving Layup Shot,2PT Field Goal,Restricted Area,Center(C),Less Than 8 ft.,2,26,12,1,1,20140221,PHI,DAL
Shot Chart Detail,0021300817,397,203487,Michael Carter-Williams,1610612755,Philadelphia 76ers,3,2,15,Made Shot,Driving Layup Shot,2PT Field Goal,Restricted Area,Center(C),Less Than 8 ft.,0,-2,4,1,1,20140221,PHI,DAL
Shot Chart Detail,0021300817,562,203487,Michael Carter-Williams,1610612755,Philadelphia 76ers,4,1,17,Made Shot,Layup Shot,2PT Field Goal,Restricted Area,Center(C),Less Than 8 ft.,2,26,4,1,1,20140221,PHI,DAL
Shot Chart Detail,0021300841,19,203487,Michael Carter-Williams,1610612755,Philadelphia 76ers,1,10,9,Made Shot,Layup Shot,2PT Field Goal,Restricted Area,Center(C),Less Than 8 ft.,1,1,11,1,1,20140224,PHI,MIL
Shot Chart Detail,0021300841,60,203487,Michael Carter-Williams,1610612755,Philadelphia 76ers,1,6,25,Made Shot,Driving Layup Shot,2PT Field Goal,Restricted Area,Center(C),Less Than 8 ft.,1,-11,7,1,1,20140224,PHI,MIL
Shot Chart Detail,0021300841,109,203487,Michael Carter-Williams,1610612755,Philadelphia 76ers,1,1,4,Made Shot,Putback Dunk Shot,2PT Field Goal,Restricted Area,Center(C),Less Than 8 ft.,0,-8,3,1,1,20140224,PHI,MIL
Shot Chart Detail,0021300841,250,203487,Michael Carter-Williams,1610612755,Philadelphia 76ers,2,1,45,Made Shot,Driving Layup Shot,2PT Field Goal,Restricted Area,Center(C),Less Than 8 ft.,1,-4,12,1,1,20140224,PHI,MIL
Shot Chart Detail,0021300841,314,203487,Michael Carter-Williams,1610612755,Philadelphia 76ers,3,7,19,Made Shot,Dunk Shot,2PT Field Goal,Restricted Area,Center(C),Less Than 8 ft.,2,-19,9,1,1,20140224,PHI,MIL
Shot Chart Detail,0021300841,341,203487,Michael Carter-Williams,1610612755,Philadelphia 76ers,3,5,7,Made Shot,Jump Shot,2PT Field Goal,In The Paint (Non-RA),Center(C),Less Than 8 ft.,5,0,56,1,1,20140224,PHI,MIL
Shot Chart Detail,0021300841,489,203487,Michael Carter-Williams,1610612755,Philadelphia 76ers,4,6,30,Made Shot,Layup Shot,2PT Field Goal,Restricted Area,Center(C),Less Than 8 ft.,1,0,11,1,1,20140224,PHI,MIL
Shot Chart Detail,0021300853,14,203487,Michael Carter-Williams,1610612755,Philadelphia 76ers,1,10,13,Made Shot,Driving Layup Shot,2PT Field Goal,Restricted Area,Center(C),Less Than 8 ft.,1,9,11,1,1,20140226,PHI,ORL
Shot Chart Detail,0021300853,332,203487,Michael Carter-Williams,1610612755,Philadelphia 76ers,3,5,43,Made Shot,Driving Finger Roll Layup Shot,2PT Field Goal,Restricted Area,Center(C),Less Than 8 ft.,2,-5,20,1,1,20140226,PHI,ORL
Shot Chart Detail,0021300853,465,203487,Michael Carter-Williams,1610612755,Philadelphia 76ers,4,5,19,Made Shot,Driving Finger Roll Layup Shot,2PT Field Goal,Restricted Area,Center(C),Less Than 8 ft.,1,-7,14,1,1,20140226,PHI,ORL
Shot Chart Detail,0021300875,16,203487,Michael Carter-Williams,1610612755,Philadelphia 76ers,1,9,56,Made Shot,Driving Layup Shot,2PT Field Goal,Restricted Area,Center(C),Less Than 8 ft.,2,-21,9,1,1,20140301,PHI,WAS
Shot Chart Detail,0021300875,55,203487,Michael Carter-Williams,1610612755,Philadelphia 76ers,1,5,46,Made Shot,Floating Jump shot,2PT Field Goal,In The Paint (Non-RA),Right Side(R),8-16 ft.,8,62,55,1,1,20140301,PHI,WAS
Shot Chart Detail,0021300875,96,203487,Michael Carter-Williams,1610612755,Philadelphia 76ers,1,2,2,Made Shot,Floating Jump shot,2PT Field Goal,In The Paint (Non-RA),Center(C),Less Than 8 ft.,6,40,52,1,1,20140301,PHI,WAS
Shot Chart Detail,0021300875,245,203487,Michael Carter-Williams,1610612755,Philadelphia 76ers,2,4,26,Made Shot,Driving Finger Roll Layup Shot,2PT Field Goal,Restricted Area,Center(C),Less Than 8 ft.,1,-2,17,1,1,20140301,PHI,WAS
Shot Chart Detail,0021300875,252,203487,Michael Carter-Williams,1610612755,Philadelphia 76ers,2,3,36,Made Shot,Jump Shot,3PT Field Goal,Above the Break 3,Center(C),24+ ft.,25,12,254,1,1,20140301,PHI,WAS
Shot Chart Detail,0021300886,5,203487,Michael Carter-Williams,1610612755,Philadelphia 76ers,1,11,30,Made Shot,Running Jump Shot,2PT Field Goal,In The Paint (Non-RA),Center(C),Less Than 8 ft.,5,37,47,1,1,20140302,ORL,PHI
Shot Chart Detail,0021300886,12,203487,Michael Carter-Williams,1610612755,Philadelphia 76ers,1,9,38,Made Shot,Step Back Jump shot,2PT Field Goal,Mid-Range,Right Side Center(RC),16-24 ft.,21,100,186,1,1,20140302,ORL,PHI
Shot Chart Detail,0021300886,32,203487,Michael Carter-Williams,1610612755,Philadelphia 76ers,1,7,46,Made Shot,Layup Shot,2PT Field Goal,Restricted Area,Center(C),Less Than 8 ft.,1,-8,9,1,1,20140302,ORL,PHI
Shot Chart Detail,0021300886,70,203487,Michael Carter-Williams,1610612755,Philadelphia 76ers,1,4,16,Made Shot,Pullup Jump shot,2PT Field Goal,Mid-Range,Left Side Center(LC),16-24 ft.,17,-127,121,1,1,20140302,ORL,PHI
Shot Chart Detail,0021300886,82,203487,Michael Carter-Williams,1610612755,Philadelphia 76ers,1,3,44,Made Shot,Jump Shot,2PT Field Goal,Mid-Range,Left Side(L),8-16 ft.,15,-89,123,1,1,20140302,ORL,PHI
Shot Chart Detail,0021300886,282,203487,Michael Carter-Williams,1610612755,Philadelphia 76ers,2,0,16,Made Shot,Driving Layup Shot,2PT Field Goal,Restricted Area,Center(C),Less Than 8 ft.,0,-4,-3,1,1,20140302,ORL,PHI
Shot Chart Detail,0021300886,365,203487,Michael Carter-Williams,1610612755,Philadelphia 76ers,3,4,24,Made Shot,Running Jump Shot,2PT Field Goal,In The Paint (Non-RA),Center(C),Less Than 8 ft.,4,0,48,1,1,20140302,ORL,PHI
Shot Chart Detail,0021300901,54,203487,Michael Carter-Williams,1610612755,Philadelphia 76ers,1,6,9,Made Shot,Floating Jump shot,2PT Field Goal,In The Paint (Non-RA),Center(C),Less Than 8 ft.,6,-40,52,1,1,20140304,OKC,PHI
Shot Chart Detail,0021300901,293,203487,Michael Carter-Williams,1610612755,Philadelphia 76ers,2,0,54,Made Shot,Jump Shot,3PT Field Goal,Above the Break 3,Center(C),24+ ft.,24,36,244,1,1,20140304,OKC,PHI
Shot Chart Detail,0021300901,568,203487,Michael Carter-Williams,1610612755,Philadelphia 76ers,4,5,53,Made Shot,Turnaround Fadeaway shot,2PT Field Goal,Mid-Range,Left Side(L),16-24 ft.,21,-196,91,1,1,20140304,OKC,PHI
Shot Chart Detail,0021300901,581,203487,Michael Carter-Williams,1610612755,Philadelphia 76ers,4,4,9,Made Shot,Pullup Jump shot,2PT Field Goal,Mid-Range,Center(C),16-24 ft.,21,54,203,1,1,20140304,OKC,PHI
Shot Chart Detail,0021300929,43,203487,Michael Carter-Williams,1610612755,Philadelphia 76ers,1,7,12,Made Shot,Driving Dunk Shot,2PT Field Goal,Restricted Area,Center(C),Less Than 8 ft.,0,2,4,1,1,20140308,PHI,UTA
Shot Chart Detail,0021300929,231,203487,Michael Carter-Williams,1610612755,Philadelphia 76ers,2,1,10,Made Shot,Driving Layup Shot,2PT Field Goal,Restricted Area,Center(C),Less Than 8 ft.,1,0,-13,1,1,20140308,PHI,UTA
Shot Chart Detail,0021300946,10,203487,Michael Carter-Williams,1610612755,Philadelphia 76ers,1,10,56,Made Shot,Jump Shot,2PT Field Goal,In The Paint (Non-RA),Center(C),8-16 ft.,9,36,88,1,1,20140310,NYK,PHI
Shot Chart Detail,0021300946,21,203487,Michael Carter-Williams,1610612755,Philadelphia 76ers,1,10,9,Made Shot,Driving Jump shot,2PT Field Goal,In The Paint (Non-RA),Center(C),Less Than 8 ft.,4,15,45,1,1,20140310,NYK,PHI
Shot Chart Detail,0021300946,227,203487,Michael Carter-Williams,1610612755,Philadelphia 76ers,2,3,30,Made Shot,Jump Shot,2PT Field Goal,In The Paint (Non-RA),Center(C),Less Than 8 ft.,5,39,44,1,1,20140310,NYK,PHI
Shot Chart Detail,0021300946,237,203487,Michael Carter-Williams,1610612755,Philadelphia 76ers,2,2,28,Made Shot,Jump Shot,2PT Field Goal,Mid-Range,Left Side(L),8-16 ft.,9,-92,34,1,1,20140310,NYK,PHI
Shot Chart Detail,0021300946,282,203487,Michael Carter-Williams,1610612755,Philadelphia 76ers,3,11,40,Made Shot,Jump Shot,2PT Field Goal,Mid-Range,Right Side Center(RC),16-24 ft.,18,130,138,1,1,20140310,NYK,PHI
Shot Chart Detail,0021300946,325,203487,Michael Carter-Williams,1610612755,Philadelphia 76ers,3,7,41,Made Shot,Jump Shot,3PT Field Goal,Above the Break 3,Center(C),24+ ft.,24,56,242,1,1,20140310,NYK,PHI
Shot Chart Detail,0021300946,468,203487,Michael Carter-Williams,1610612755,Philadelphia 76ers,4,7,2,Made Shot,Driving Finger Roll Layup Shot,2PT Field Goal,Restricted Area,Center(C),Less Than 8 ft.,2,23,1,1,1,20140310,NYK,PHI
Shot Chart Detail,0021300946,541,203487,Michael Carter-Williams,1610612755,Philadelphia 76ers,4,1,43,Made Shot,Driving Slam Dunk Shot,2PT Field Goal,Restricted Area,Center(C),Less Than 8 ft.,0,-4,4,1,1,20140310,NYK,PHI
Shot Chart Detail,0021300959,36,203487,Michael Carter-Williams,1610612755,Philadelphia 76ers,1,8,37,Made Shot,Jump Shot,3PT Field Goal,Above the Break 3,Center(C),24+ ft.,26,-16,260,1,1,20140312,PHI,SAC
Shot Chart Detail,0021300959,126,203487,Michael Carter-Williams,1610612755,Philadelphia 76ers,1,1,41,Made Shot,Jump Bank Shot,2PT Field Goal,In The Paint (Non-RA),Center(C),Less Than 8 ft.,7,67,36,1,1,20140312,PHI,SAC
Shot Chart Detail,0021300959,214,203487,Michael Carter-Williams,1610612755,Philadelphia 76ers,2,7,17,Made Shot,Driving Layup Shot,2PT Field Goal,Restricted Area,Center(C),Less Than 8 ft.,1,-13,-5,1,1,20140312,PHI,SAC
Shot Chart Detail,0021300959,441,203487,Michael Carter-Williams,1610612755,Philadelphia 76ers,3,3,37,Made Shot,Driving Layup Shot,2PT Field Goal,Restricted Area,Center(C),Less Than 8 ft.,1,13,9,1,1,20140312,PHI,SAC
Shot Chart Detail,0021300959,534,203487,Michael Carter-Williams,1610612755,Philadelphia 76ers,4,7,39,Made Shot,Layup Shot,2PT Field Goal,Restricted Area,Center(C),Less Than 8 ft.,2,1,20,1,1,20140312,PHI,SAC
Shot Chart Detail,0021300973,34,203487,Michael Carter-Williams,1610612755,Philadelphia 76ers,1,7,56,Made Shot,Jump Shot,3PT Field Goal,Above the Break 3,Right Side Center(RC),24+ ft.,25,141,208,1,1,20140314,PHI,IND
Shot Chart Detail,0021300973,65,203487,Michael Carter-Williams,1610612755,Philadelphia 76ers,1,3,39,Made Shot,Slam Dunk Shot,2PT Field Goal,Restricted Area,Center(C),Less Than 8 ft.,0,6,4,1,1,20140314,PHI,IND
Shot Chart Detail,0021300973,87,203487,Michael Carter-Williams,1610612755,Philadelphia 76ers,1,1,25,Made Shot,Step Back Jump shot,2PT Field Goal,In The Paint (Non-RA),Left Side(L),8-16 ft.,13,-68,116,1,1,20140314,PHI,IND
Shot Chart Detail,0021300973,175,203487,Michael Carter-Williams,1610612755,Philadelphia 76ers,2,5,6,Made Shot,Layup Shot,2PT Field Goal,Restricted Area,Center(C),Less Than 8 ft.,1,6,9,1,1,20140314,PHI,IND
Shot Chart Detail,0021300973,434,203487,Michael Carter-Williams,1610612755,Philadelphia 76ers,4,3,7,Made Shot,Step Back Jump shot,2PT Field Goal,Mid-Range,Left Side(L),8-16 ft.,12,-109,63,1,1,20140314,PHI,IND
Shot Chart Detail,0021300985,22,203487,Michael Carter-Williams,1610612755,Philadelphia 76ers,1,9,8,Made Shot,Pullup Jump shot,2PT Field Goal,Mid-Range,Left Side(L),16-24 ft.,17,-172,-5,1,1,20140315,PHI,MEM
Shot Chart Detail,0021300985,34,203487,Michael Carter-Williams,1610612755,Philadelphia 76ers,1,7,40,Made Shot,Floating Jump shot,2PT Field Goal,In The Paint (Non-RA),Right Side(R),8-16 ft.,8,70,45,1,1,20140315,PHI,MEM
Shot Chart Detail,0021300985,117,203487,Michael Carter-Williams,1610612755,Philadelphia 76ers,1,0,21,Made Shot,Turnaround Jump Shot,2PT Field Goal,Mid-Range,Right Side(R),8-16 ft.,10,89,63,1,1,20140315,PHI,MEM
Shot Chart Detail,0021300985,209,203487,Michael Carter-Williams,1610612755,Philadelphia 76ers,2,3,36,Made Shot,Layup Shot,2PT Field Goal,Restricted Area,Center(C),Less Than 8 ft.,0,-2,-6,1,1,20140315,PHI,MEM
Shot Chart Detail,0021300985,211,203487,Michael Carter-Williams,1610612755,Philadelphia 76ers,2,3,14,Made Shot,Driving Layup Shot,2PT Field Goal,Restricted Area,Center(C),Less Than 8 ft.,0,0,-2,1,1,20140315,PHI,MEM
Shot Chart Detail,0021300985,231,203487,Michael Carter-Williams,1610612755,Philadelphia 76ers,2,1,43,Made Shot,Floating Jump shot,2PT Field Goal,In The Paint (Non-RA),Center(C),8-16 ft.,10,42,99,1,1,20140315,PHI,MEM
Shot Chart Detail,0021300985,295,203487,Michael Carter-Williams,1610612755,Philadelphia 76ers,3,8,39,Made Shot,Jump Shot,3PT Field Goal,Above the Break 3,Center(C),24+ ft.,25,9,258,1,1,20140315,PHI,MEM
Shot Chart Detail,0021300985,312,203487,Michael Carter-Williams,1610612755,Philadelphia 76ers,3,6,14,Made Shot,Driving Layup Shot,2PT Field Goal,Restricted Area,Center(C),Less Than 8 ft.,1,0,12,1,1,20140315,PHI,MEM
Shot Chart Detail,0021300985,448,203487,Michael Carter-Williams,1610612755,Philadelphia 76ers,4,6,4,Made Shot,Layup Shot,2PT Field Goal,Restricted Area,Center(C),Less Than 8 ft.,2,21,0,1,1,20140315,PHI,MEM
Shot Chart Detail,0021300985,458,203487,Michael Carter-Williams,1610612755,Philadelphia 76ers,4,5,35,Made Shot,Putback Layup Shot,2PT Field Goal,Restricted Area,Center(C),Less Than 8 ft.,2,-25,9,1,1,20140315,PHI,MEM
Shot Chart Detail,0021300997,25,203487,Michael Carter-Williams,1610612755,Philadelphia 76ers,1,8,28,Made Shot,Pullup Jump shot,2PT Field Goal,Mid-Range,Left Side(L),16-24 ft.,19,-168,101,1,1,20140317,IND,PHI
Shot Chart Detail,0021300997,62,203487,Michael Carter-Williams,1610612755,Philadelphia 76ers,1,4,49,Made Shot,Jump Shot,2PT Field Goal,In The Paint (Non-RA),Center(C),Less Than 8 ft.,7,-37,61,1,1,20140317,IND,PHI
Shot Chart Detail,0021300997,131,203487,Michael Carter-Williams,1610612755,Philadelphia 76ers,1,0,27,Made Shot,Jump Shot,2PT Field Goal,Mid-Range,Left Side(L),16-24 ft.,19,-161,104,1,1,20140317,IND,PHI
Shot Chart Detail,0021300997,237,203487,Michael Carter-Williams,1610612755,Philadelphia 76ers,2,3,40,Made Shot,Putback Layup Shot,2PT Field Goal,Restricted Area,Center(C),Less Than 8 ft.,0,2,4,1,1,20140317,IND,PHI
Shot Chart Detail,0021300997,262,203487,Michael Carter-Williams,1610612755,Philadelphia 76ers,2,2,11,Made Shot,Jump Shot,2PT Field Goal,In The Paint (Non-RA),Center(C),Less Than 8 ft.,4,-2,42,1,1,20140317,IND,PHI
Shot Chart Detail,0021300997,450,203487,Michael Carter-Williams,1610612755,Philadelphia 76ers,4,9,41,Made Shot,Layup Shot,2PT Field Goal,Restricted Area,Center(C),Less Than 8 ft.,0,6,0,1,1,20140317,IND,PHI
Shot Chart Detail,0021300997,518,203487,Michael Carter-Williams,1610612755,Philadelphia 76ers,4,3,17,Made Shot,Layup Shot,2PT Field Goal,Restricted Area,Center(C),Less Than 8 ft.,1,-11,3,1,1,20140317,IND,PHI
Shot Chart Detail,0021301008,33,203487,Michael Carter-Williams,1610612755,Philadelphia 76ers,1,9,29,Made Shot,Tip Shot,2PT Field Goal,Restricted Area,Center(C),Less Than 8 ft.,0,-4,3,1,1,20140319,PHI,CHI
Shot Chart Detail,0021301008,68,203487,Michael Carter-Williams,1610612755,Philadelphia 76ers,1,6,16,Made Shot,Pullup Jump shot,2PT Field Goal,Mid-Range,Left Side Center(LC),16-24 ft.,20,-81,183,1,1,20140319,PHI,CHI
Shot Chart Detail,0021301008,111,203487,Michael Carter-Williams,1610612755,Philadelphia 76ers,1,1,24,Made Shot,Layup Shot,2PT Field Goal,Restricted Area,Center(C),Less Than 8 ft.,1,10,6,1,1,20140319,PHI,CHI
Shot Chart Detail,0021301008,239,203487,Michael Carter-Williams,1610612755,Philadelphia 76ers,2,2,55,Made Shot,Pullup Jump shot,2PT Field Goal,Mid-Range,Left Side(L),8-16 ft.,10,-98,26,1,1,20140319,PHI,CHI
Shot Chart Detail,0021301008,276,203487,Michael Carter-Williams,1610612755,Philadelphia 76ers,2,0,34,Made Shot,Driving Layup Shot,2PT Field Goal,Restricted Area,Center(C),Less Than 8 ft.,1,-16,-2,1,1,20140319,PHI,CHI
Shot Chart Detail,0021301008,327,203487,Michael Carter-Williams,1610612755,Philadelphia 76ers,3,7,2,Made Shot,Floating Jump shot,2PT Field Goal,In The Paint (Non-RA),Center(C),Less Than 8 ft.,6,1,60,1,1,20140319,PHI,CHI
Shot Chart Detail,0021301008,392,203487,Michael Carter-Williams,1610612755,Philadelphia 76ers,3,0,43,Made Shot,Jump Shot,2PT Field Goal,Mid-Range,Left Side(L),16-24 ft.,19,-185,75,1,1,20140319,PHI,CHI
Shot Chart Detail,0021301023,9,203487,Michael Carter-Williams,1610612755,Philadelphia 76ers,1,11,7,Made Shot,Running Dunk Shot,2PT Field Goal,Restricted Area,Center(C),Less Than 8 ft.,0,-2,4,1,1,20140321,PHI,NYK
Shot Chart Detail,0021301023,52,203487,Michael Carter-Williams,1610612755,Philadelphia 76ers,1,7,7,Made Shot,Driving Layup Shot,2PT Field Goal,Restricted Area,Center(C),Less Than 8 ft.,0,4,0,1,1,20140321,PHI,NYK
Shot Chart Detail,0021301023,58,203487,Michael Carter-Williams,1610612755,Philadelphia 76ers,1,6,27,Made Shot,Pullup Jump shot,3PT Field Goal,Above the Break 3,Center(C),24+ ft.,25,-41,249,1,1,20140321,PHI,NYK
Shot Chart Detail,0021301023,73,203487,Michael Carter-Williams,1610612755,Philadelphia 76ers,1,4,55,Made Shot,Driving Layup Shot,2PT Field Goal,Restricted Area,Center(C),Less Than 8 ft.,1,-19,-6,1,1,20140321,PHI,NYK
Shot Chart Detail,0021301023,261,203487,Michael Carter-Williams,1610612755,Philadelphia 76ers,2,0,34,Made Shot,Pullup Jump shot,2PT Field Goal,Mid-Range,Left Side Center(LC),16-24 ft.,20,-75,186,1,1,20140321,PHI,NYK
Shot Chart Detail,0021301023,312,203487,Michael Carter-Williams,1610612755,Philadelphia 76ers,3,10,7,Made Shot,Driving Finger Roll Layup Shot,2PT Field Goal,Restricted Area,Center(C),Less Than 8 ft.,2,21,4,1,1,20140321,PHI,NYK
Shot Chart Detail,0021301023,360,203487,Michael Carter-Williams,1610612755,Philadelphia 76ers,3,4,49,Made Shot,Step Back Jump shot,2PT Field Goal,Mid-Range,Center(C),16-24 ft.,19,7,194,1,1,20140321,PHI,NYK
Shot Chart Detail,0021301023,418,203487,Michael Carter-Williams,1610612755,Philadelphia 76ers,4,10,41,Made Shot,Jump Shot,2PT Field Goal,Mid-Range,Center(C),16-24 ft.,18,28,187,1,1,20140321,PHI,NYK
Shot Chart Detail,0021301023,489,203487,Michael Carter-Williams,1610612755,Philadelphia 76ers,4,5,1,Made Shot,Pullup Jump shot,2PT Field Goal,Mid-Range,Right Side Center(RC),16-24 ft.,18,91,165,1,1,20140321,PHI,NYK
Shot Chart Detail,0021301023,536,203487,Michael Carter-Williams,1610612755,Philadelphia 76ers,4,0,48,Made Shot,Jump Shot,3PT Field Goal,Above the Break 3,Center(C),24+ ft.,24,0,249,1,1,20140321,PHI,NYK
Shot Chart Detail,0021301034,30,203487,Michael Carter-Williams,1610612755,Philadelphia 76ers,1,9,42,Made Shot,Jump Shot,2PT Field Goal,Mid-Range,Left Side Center(LC),16-24 ft.,17,-82,153,1,1,20140322,CHI,PHI
Shot Chart Detail,0021301034,102,203487,Michael Carter-Williams,1610612755,Philadelphia 76ers,1,4,51,Made Shot,Pullup Jump shot,2PT Field Goal,In The Paint (Non-RA),Center(C),8-16 ft.,13,48,124,1,1,20140322,CHI,PHI
Shot Chart Detail,0021301034,238,203487,Michael Carter-Williams,1610612755,Philadelphia 76ers,2,5,3,Made Shot,Jump Shot,2PT Field Goal,Mid-Range,Left Side(L),16-24 ft.,21,-191,104,1,1,20140322,CHI,PHI
Shot Chart Detail,0021301054,19,203487,Michael Carter-Williams,1610612755,Philadelphia 76ers,1,9,15,Made Shot,Pullup Jump shot,2PT Field Goal,Mid-Range,Left Side(L),8-16 ft.,15,-149,36,1,1,20140324,SAS,PHI
Shot Chart Detail,0021301054,33,203487,Michael Carter-Williams,1610612755,Philadelphia 76ers,1,7,22,Made Shot,Jump Shot,2PT Field Goal,In The Paint (Non-RA),Center(C),Less Than 8 ft.,4,39,22,1,1,20140324,SAS,PHI
Shot Chart Detail,0021301054,213,203487,Michael Carter-Williams,1610612755,Philadelphia 76ers,2,1,59,Made Shot,Jump Shot,3PT Field Goal,Above the Break 3,Left Side Center(LC),24+ ft.,24,-174,178,1,1,20140324,SAS,PHI
Shot Chart Detail,0021301054,255,203487,Michael Carter-Williams,1610612755,Philadelphia 76ers,3,9,55,Made Shot,Jump Shot,3PT Field Goal,Above the Break 3,Center(C),24+ ft.,24,59,236,1,1,20140324,SAS,PHI
Shot Chart Detail,0021301054,311,203487,Michael Carter-Williams,1610612755,Philadelphia 76ers,3,5,18,Made Shot,Jump Shot,2PT Field Goal,Mid-Range,Center(C),16-24 ft.,17,-16,172,1,1,20140324,SAS,PHI
Shot Chart Detail,0021301072,290,203487,Michael Carter-Williams,1610612755,Philadelphia 76ers,2,2,31,Made Shot,Driving Layup Shot,2PT Field Goal,Restricted Area,Center(C),Less Than 8 ft.,0,-4,6,1,1,20140327,HOU,PHI
Shot Chart Detail,0021301072,374,203487,Michael Carter-Williams,1610612755,Philadelphia 76ers,3,8,38,Made Shot,Driving Layup Shot,2PT Field Goal,Restricted Area,Center(C),Less Than 8 ft.,0,4,9,1,1,20140327,HOU,PHI
Shot Chart Detail,0021301087,17,203487,Michael Carter-Williams,1610612755,Philadelphia 76ers,1,9,45,Made Shot,Floating Jump shot,2PT Field Goal,In The Paint (Non-RA),Center(C),Less Than 8 ft.,6,0,66,1,1,20140329,PHI,DET
Shot Chart Detail,0021301087,49,203487,Michael Carter-Williams,1610612755,Philadelphia 76ers,1,7,19,Made Shot,Jump Shot,3PT Field Goal,Above the Break 3,Right Side Center(RC),24+ ft.,25,157,195,1,1,20140329,PHI,DET
Shot Chart Detail,0021301087,84,203487,Michael Carter-Williams,1610612755,Philadelphia 76ers,1,3,32,Made Shot,Tip Shot,2PT Field Goal,Restricted Area,Center(C),Less Than 8 ft.,0,0,1,1,1,20140329,PHI,DET
Shot Chart Detail,0021301087,87,203487,Michael Carter-Williams,1610612755,Philadelphia 76ers,1,3,8,Made Shot,Pullup Jump shot,2PT Field Goal,Mid-Range,Right Side Center(RC),16-24 ft.,16,81,145,1,1,20140329,PHI,DET
Shot Chart Detail,0021301087,394,203487,Michael Carter-Williams,1610612755,Philadelphia 76ers,3,4,25,Made Shot,Floating Jump shot,2PT Field Goal,In The Paint (Non-RA),Center(C),8-16 ft.,8,13,88,1,1,20140329,PHI,DET
Shot Chart Detail,0021301087,477,203487,Michael Carter-Williams,1610612755,Philadelphia 76ers,4,8,17,Made Shot,Jump Shot,2PT Field Goal,In The Paint (Non-RA),Center(C),8-16 ft.,11,-57,104,1,1,20140329,PHI,DET
Shot Chart Detail,0021301103,199,203487,Michael Carter-Williams,1610612755,Philadelphia 76ers,2,7,1,Made Shot,Layup Shot,2PT Field Goal,Restricted Area,Center(C),Less Than 8 ft.,1,10,7,1,1,20140331,ATL,PHI
Shot Chart Detail,0021301103,244,203487,Michael Carter-Williams,1610612755,Philadelphia 76ers,2,3,56,Made Shot,Jump Shot,2PT Field Goal,Mid-Range,Center(C),16-24 ft.,19,-59,183,1,1,20140331,ATL,PHI
Shot Chart Detail,0021301103,271,203487,Michael Carter-Williams,1610612755,Philadelphia 76ers,2,1,15,Made Shot,Driving Jump shot,2PT Field Goal,In The Paint (Non-RA),Center(C),Less Than 8 ft.,7,-27,75,1,1,20140331,ATL,PHI
Shot Chart Detail,0021301103,323,203487,Michael Carter-Williams,1610612755,Philadelphia 76ers,3,9,30,Made Shot,Driving Layup Shot,2PT Field Goal,Restricted Area,Center(C),Less Than 8 ft.,2,1,26,1,1,20140331,ATL,PHI
Shot Chart Detail,0021301103,486,203487,Michael Carter-Williams,1610612755,Philadelphia 76ers,4,6,49,Made Shot,Tip Shot,2PT Field Goal,Restricted Area,Center(C),Less Than 8 ft.,0,4,3,1,1,20140331,ATL,PHI
Shot Chart Detail,0021301103,490,203487,Michael Carter-Williams,1610612755,Philadelphia 76ers,4,6,28,Made Shot,Running Layup Shot,2PT Field Goal,Restricted Area,Center(C),Less Than 8 ft.,0,-2,6,1,1,20140331,ATL,PHI
Shot Chart Detail,0021301103,529,203487,Michael Carter-Williams,1610612755,Philadelphia 76ers,4,3,45,Made Shot,Jump Shot,2PT Field Goal,Mid-Range,Right Side Center(RC),16-24 ft.,21,102,184,1,1,20140331,ATL,PHI
Shot Chart Detail,0021301117,34,203487,Michael Carter-Williams,1610612755,Philadelphia 76ers,1,8,20,Made Shot,Tip Shot,2PT Field Goal,Restricted Area,Center(C),Less Than 8 ft.,0,1,7,1,1,20140402,PHI,CHA
Shot Chart Detail,0021301117,61,203487,Michael Carter-Williams,1610612755,Philadelphia 76ers,1,4,23,Made Shot,Running Jump Shot,2PT Field Goal,In The Paint (Non-RA),Center(C),Less Than 8 ft.,5,56,1,1,1,20140402,PHI,CHA
Shot Chart Detail,0021301117,70,203487,Michael Carter-Williams,1610612755,Philadelphia 76ers,1,3,15,Made Shot,Fadeaway Bank shot,2PT Field Goal,Mid-Range,Left Side(L),8-16 ft.,9,-90,31,1,1,20140402,PHI,CHA
Shot Chart Detail,0021301117,179,203487,Michael Carter-Williams,1610612755,Philadelphia 76ers,2,5,59,Made Shot,Driving Layup Shot,2PT Field Goal,Restricted Area,Center(C),Less Than 8 ft.,0,1,4,1,1,20140402,PHI,CHA
Shot Chart Detail,0021301117,190,203487,Michael Carter-Williams,1610612755,Philadelphia 76ers,2,5,4,Made Shot,Running Jump Shot,2PT Field Goal,In The Paint (Non-RA),Left Side(L),8-16 ft.,11,-67,89,1,1,20140402,PHI,CHA
Shot Chart Detail,0021301117,211,203487,Michael Carter-Williams,1610612755,Philadelphia 76ers,2,3,9,Made Shot,Driving Finger Roll Layup Shot,2PT Field Goal,Restricted Area,Center(C),Less Than 8 ft.,0,0,-6,1,1,20140402,PHI,CHA
Shot Chart Detail,0021301117,232,203487,Michael Carter-Williams,1610612755,Philadelphia 76ers,2,0,44,Made Shot,Driving Layup Shot,2PT Field Goal,In The Paint (Non-RA),Center(C),Less Than 8 ft.,4,39,26,1,1,20140402,PHI,CHA
Shot Chart Detail,0021301117,246,203487,Michael Carter-Williams,1610612755,Philadelphia 76ers,2,0,2,Made Shot,Pullup Jump shot,2PT Field Goal,Mid-Range,Right Side Center(RC),16-24 ft.,18,140,119,1,1,20140402,PHI,CHA
Shot Chart Detail,0021301117,257,203487,Michael Carter-Williams,1610612755,Philadelphia 76ers,3,10,18,Made Shot,Tip Shot,2PT Field Goal,Restricted Area,Center(C),Less Than 8 ft.,1,-4,12,1,1,20140402,PHI,CHA
Shot Chart Detail,0021301117,335,203487,Michael Carter-Williams,1610612755,Philadelphia 76ers,3,4,33,Made Shot,Jump Shot,2PT Field Goal,Mid-Range,Left Side Center(LC),16-24 ft.,17,-142,110,1,1,20140402,PHI,CHA
Shot Chart Detail,0021301133,12,203487,Michael Carter-Williams,1610612755,Philadelphia 76ers,1,11,20,Made Shot,Driving Dunk Shot,2PT Field Goal,Restricted Area,Center(C),Less Than 8 ft.,0,2,1,1,1,20140404,BOS,PHI
Shot Chart Detail,0021301133,63,203487,Michael Carter-Williams,1610612755,Philadelphia 76ers,1,5,11,Made Shot,Jump Bank Shot,2PT Field Goal,Restricted Area,Center(C),Less Than 8 ft.,3,-29,23,1,1,20140404,BOS,PHI
Shot Chart Detail,0021301133,142,203487,Michael Carter-Williams,1610612755,Philadelphia 76ers,2,9,26,Made Shot,Layup Shot,2PT Field Goal,Restricted Area,Center(C),Less Than 8 ft.,2,-21,12,1,1,20140404,BOS,PHI
Shot Chart Detail,0021301133,250,203487,Michael Carter-Williams,1610612755,Philadelphia 76ers,2,2,32,Made Shot,Jump Shot,2PT Field Goal,Mid-Range,Left Side Center(LC),16-24 ft.,21,-152,149,1,1,20140404,BOS,PHI
Shot Chart Detail,0021301133,262,203487,Michael Carter-Williams,1610612755,Philadelphia 76ers,2,1,49,Made Shot,Pullup Jump shot,2PT Field Goal,In The Paint (Non-RA),Left Side(L),8-16 ft.,10,-70,82,1,1,20140404,BOS,PHI
Shot Chart Detail,0021301133,307,203487,Michael Carter-Williams,1610612755,Philadelphia 76ers,3,10,29,Made Shot,Step Back Jump shot,2PT Field Goal,Mid-Range,Left Side Center(LC),16-24 ft.,19,-133,146,1,1,20140404,BOS,PHI
Shot Chart Detail,0021301133,510,203487,Michael Carter-Williams,1610612755,Philadelphia 76ers,4,5,53,Made Shot,Finger Roll Layup Shot,2PT Field Goal,Restricted Area,Center(C),Less Than 8 ft.,1,9,17,1,1,20140404,BOS,PHI
Shot Chart Detail,0021301133,513,203487,Michael Carter-Williams,1610612755,Philadelphia 76ers,4,5,33,Made Shot,Jump Shot,2PT Field Goal,In The Paint (Non-RA),Center(C),Less Than 8 ft.,4,34,22,1,1,20140404,BOS,PHI
Shot Chart Detail,0021301133,524,203487,Michael Carter-Williams,1610612755,Philadelphia 76ers,4,4,9,Made Shot,Fadeaway Jump Shot,2PT Field Goal,In The Paint (Non-RA),Center(C),8-16 ft.,14,-71,123,1,1,20140404,BOS,PHI
Shot Chart Detail,0021301147,178,203487,Michael Carter-Williams,1610612755,Philadelphia 76ers,2,5,12,Made Shot,Jump Bank Shot,2PT Field Goal,In The Paint (Non-RA),Center(C),Less Than 8 ft.,4,39,20,1,1,20140405,PHI,BKN
Shot Chart Detail,0021301147,410,203487,Michael Carter-Williams,1610612755,Philadelphia 76ers,4,7,38,Made Shot,Driving Slam Dunk Shot,2PT Field Goal,Restricted Area,Center(C),Less Than 8 ft.,0,1,4,1,1,20140405,PHI,BKN
Shot Chart Detail,0021301147,468,203487,Michael Carter-Williams,1610612755,Philadelphia 76ers,4,2,19,Made Shot,Step Back Jump shot,2PT Field Goal,Mid-Range,Left Side(L),8-16 ft.,14,-141,37,1,1,20140405,PHI,BKN
Shot Chart Detail,0021301164,19,203487,Michael Carter-Williams,1610612755,Philadelphia 76ers,1,8,33,Made Shot,Driving Layup Shot,2PT Field Goal,Restricted Area,Center(C),Less Than 8 ft.,1,-11,-5,1,1,20140409,TOR,PHI
Shot Chart Detail,0021301164,34,203487,Michael Carter-Williams,1610612755,Philadelphia 76ers,1,6,15,Made Shot,Driving Slam Dunk Shot,2PT Field Goal,Restricted Area,Center(C),Less Than 8 ft.,0,7,6,1,1,20140409,TOR,PHI
Shot Chart Detail,0021301164,81,203487,Michael Carter-Williams,1610612755,Philadelphia 76ers,1,1,48,Made Shot,Driving Jump shot,2PT Field Goal,In The Paint (Non-RA),Center(C),Less Than 8 ft.,5,7,56,1,1,20140409,TOR,PHI
Shot Chart Detail,0021301164,220,203487,Michael Carter-Williams,1610612755,Philadelphia 76ers,2,4,37,Made Shot,Driving Layup Shot,2PT Field Goal,Restricted Area,Center(C),Less Than 8 ft.,3,-4,34,1,1,20140409,TOR,PHI
Shot Chart Detail,0021301164,257,203487,Michael Carter-Williams,1610612755,Philadelphia 76ers,2,2,13,Made Shot,Running Layup Shot,2PT Field Goal,In The Paint (Non-RA),Center(C),Less Than 8 ft.,4,24,37,1,1,20140409,TOR,PHI
Shot Chart Detail,0021301164,313,203487,Michael Carter-Williams,1610612755,Philadelphia 76ers,3,7,9,Made Shot,Floating Jump shot,2PT Field Goal,In The Paint (Non-RA),Center(C),8-16 ft.,10,-7,104,1,1,20140409,TOR,PHI
Shot Chart Detail,0021301164,487,203487,Michael Carter-Williams,1610612755,Philadelphia 76ers,4,3,19,Made Shot,Jump Hook Shot,2PT Field Goal,Restricted Area,Center(C),Less Than 8 ft.,3,-7,33,1,1,20140409,TOR,PHI
Shot Chart Detail,0021301182,26,203487,Michael Carter-Williams,1610612755,Philadelphia 76ers,1,8,45,Made Shot,Layup Shot,2PT Field Goal,Restricted Area,Center(C),Less Than 8 ft.,0,0,1,1,1,20140411,MEM,PHI
Shot Chart Detail,0021301182,33,203487,Michael Carter-Williams,1610612755,Philadelphia 76ers,1,7,53,Made Shot,Running Layup Shot,2PT Field Goal,Restricted Area,Center(C),Less Than 8 ft.,0,9,0,1,1,20140411,MEM,PHI
Shot Chart Detail,0021301182,52,203487,Michael Carter-Williams,1610612755,Philadelphia 76ers,1,5,6,Made Shot,Running Bank shot,2PT Field Goal,Restricted Area,Center(C),Less Than 8 ft.,3,-32,23,1,1,20140411,MEM,PHI
Shot Chart Detail,0021301182,257,203487,Michael Carter-Williams,1610612755,Philadelphia 76ers,3,9,2,Made Shot,Dunk Shot,2PT Field Goal,Restricted Area,Center(C),Less Than 8 ft.,0,1,1,1,1,20140411,MEM,PHI
Shot Chart Detail,0021301190,46,203487,Michael Carter-Williams,1610612755,Philadelphia 76ers,1,5,8,Made Shot,Driving Layup Shot,2PT Field Goal,Restricted Area,Center(C),Less Than 8 ft.,1,-11,9,1,1,20140412,CHA,PHI
Shot Chart Detail,0021301190,179,203487,Michael Carter-Williams,1610612755,Philadelphia 76ers,2,5,14,Made Shot,Jump Shot,2PT Field Goal,Mid-Range,Right Side Center(RC),16-24 ft.,18,118,146,1,1,20140412,CHA,PHI
Shot Chart Detail,0021301190,181,203487,Michael Carter-Williams,1610612755,Philadelphia 76ers,2,4,36,Made Shot,Jump Shot,2PT Field Goal,Mid-Range,Right Side Center(RC),16-24 ft.,18,99,156,1,1,20140412,CHA,PHI
Shot Chart Detail,0021301190,183,203487,Michael Carter-Williams,1610612755,Philadelphia 76ers,2,4,19,Made Shot,Dunk Shot,2PT Field Goal,Restricted Area,Center(C),Less Than 8 ft.,1,10,-5,1,1,20140412,CHA,PHI
Shot Chart Detail,0021301190,307,203487,Michael Carter-Williams,1610612755,Philadelphia 76ers,3,6,28,Made Shot,Driving Jump shot,2PT Field Goal,In The Paint (Non-RA),Center(C),Less Than 8 ft.,4,-15,44,1,1,20140412,CHA,PHI
Shot Chart Detail,0021301190,327,203487,Michael Carter-Williams,1610612755,Philadelphia 76ers,3,4,37,Made Shot,Pullup Jump shot,2PT Field Goal,Mid-Range,Center(C),16-24 ft.,18,15,186,1,1,20140412,CHA,PHI
Shot Chart Detail,0021301190,500,203487,Michael Carter-Williams,1610612755,Philadelphia 76ers,4,5,12,Made Shot,Jump Bank Shot,2PT Field Goal,In The Paint (Non-RA),Center(C),8-16 ft.,11,7,119,1,1,20140412,CHA,PHI
Shot Chart Detail,0021301204,2,203487,Michael Carter-Williams,1610612755,Philadelphia 76ers,1,11,48,Made Shot,Pullup Jump shot,2PT Field Goal,In The Paint (Non-RA),Center(C),8-16 ft.,10,-48,97,1,1,20140414,PHI,BOS
Shot Chart Detail,0021301204,34,203487,Michael Carter-Williams,1610612755,Philadelphia 76ers,1,9,9,Made Shot,Driving Finger Roll Layup Shot,2PT Field Goal,Restricted Area,Center(C),Less Than 8 ft.,0,2,6,1,1,20140414,PHI,BOS
Shot Chart Detail,0021301204,75,203487,Michael Carter-Williams,1610612755,Philadelphia 76ers,1,5,14,Made Shot,Driving Layup Shot,2PT Field Goal,Restricted Area,Center(C),Less Than 8 ft.,1,10,11,1,1,20140414,PHI,BOS
Shot Chart Detail,0021301204,98,203487,Michael Carter-Williams,1610612755,Philadelphia 76ers,1,3,20,Made Shot,Step Back Jump shot,2PT Field Goal,In The Paint (Non-RA),Center(C),8-16 ft.,13,-18,129,1,1,20140414,PHI,BOS
Shot Chart Detail,0021301204,244,203487,Michael Carter-Williams,1610612755,Philadelphia 76ers,2,4,53,Made Shot,Layup Shot,2PT Field Goal,Restricted Area,Center(C),Less Than 8 ft.,2,-11,-22,1,1,20140414,PHI,BOS
Shot Chart Detail,0021301204,274,203487,Michael Carter-Williams,1610612755,Philadelphia 76ers,2,1,25,Made Shot,Jump Shot,2PT Field Goal,Mid-Range,Left Side Center(LC),16-24 ft.,17,-81,153,1,1,20140414,PHI,BOS
Shot Chart Detail,0021301204,321,203487,Michael Carter-Williams,1610612755,Philadelphia 76ers,3,7,36,Made Shot,Pullup Jump shot,2PT Field Goal,Mid-Range,Left Side(L),16-24 ft.,17,-171,55,1,1,20140414,PHI,BOS
Shot Chart Detail,0021301204,376,203487,Michael Carter-Williams,1610612755,Philadelphia 76ers,3,2,22,Made Shot,Driving Layup Shot,2PT Field Goal,Restricted Area,Center(C),Less Than 8 ft.,1,18,4,1,1,20140414,PHI,BOS
Shot Chart Detail,0021301204,492,203487,Michael Carter-Williams,1610612755,Philadelphia 76ers,4,3,44,Made Shot,Driving Layup Shot,2PT Field Goal,Restricted Area,Center(C),Less Than 8 ft.,2,17,14,1,1,20140414,PHI,BOS
Shot Chart Detail,0021301225,89,203487,Michael Carter-Williams,1610612755,Philadelphia 76ers,1,2,20,Made Shot,Jump Shot,3PT Field Goal,Above the Break 3,Left Side Center(LC),24+ ft.,24,-136,205,1,1,20140416,MIA,PHI
Shot Chart Detail,0021301225,222,203487,Michael Carter-Williams,1610612755,Philadelphia 76ers,2,1,44,Made Shot,Jump Shot,3PT Field Goal,Above the Break 3,Center(C),24+ ft.,24,-70,238,1,1,20140416,MIA,PHI
Shot Chart Detail,0021301225,270,203487,Michael Carter-Williams,1610612755,Philadelphia 76ers,3,9,43,Made Shot,Jump Shot,3PT Field Goal,Above the Break 3,Center(C),24+ ft.,25,-26,249,1,1,20140416,MIA,PHI
